Time, Moving Output, Moving Baseline
0.266667,0.135566,0.0931558
0.466667,0.134419,0.0895584
0.666667,0.110588,0.0856019
0.866667,0.0898341,0.0849308
1.06667,0.113363,0.0852195
1.26667,0.131523,0.0701039
1.46667,0.133514,0.0613599
1.66667,0.134359,0.0626007
1.86667,0.139548,0.0644463
2.06667,0.156742,0.0677082
2.26667,0.164947,0.0745793
2.46667,0.168507,0.0787776
2.66667,0.166033,0.0827302
2.86667,0.153122,0.0811929
3.06667,0.0880241,0.0794292
3.26667,0.0696833,0.0832023
3.46667,0.091825,0.0778607
3.66667,0.066365,0.0790547
3.86667,0.0502564,0.0856136
4.06667,0.0564103,0.0917239
4.26667,0.0451282,0.0932261
4.46667,0.0617798,0.0718675
4.66667,0.0598492,0.0657261
4.86667,0.040181,0.0588277
5.06667,0.0585219,0.0659173
5.26667,0.0208145,0.0650823
5.46667,0.0249774,0.0633069
5.66667,0,0.0701663
5.86667,0.0384314,0.0796516
6.06667,0.0690799,0.0986145
6.26667,0.0944193,0.113781
6.46667,0.11264,0.123957
6.66667,0.122474,0.109536
6.86667,0.142443,0.109582
7.06667,0.144434,0.111319
7.26667,0.144374,0.112025
7.46667,0.151493,0.113777
7.66667,0.17267,0.114979
7.86667,0.163982,0.121155
8.06667,0.182443,0.133403
8.26667,0.210075,0.142401
8.46667,0.217436,0.1518
8.66667,0.183952,0.162191
8.86667,0.126576,0.16255
9.06667,0.149261,0.147504
9.26667,0.107149,0.143996
9.46667,0.103167,0.141308
9.66667,0.0991855,0.12448
9.86667,0.0775264,0.1097
10.0667,0.0825943,0.0986886
10.2667,0.0673907,0.083491
10.4667,0.067089,0.0908381
10.6667,0.0266063,0.0778334
10.8667,0.0620814,0.0850479
11.0667,0,0.0725738
11.2667,0,0.0644268
11.4667,0,0.076101
11.6667,0,0.0683403
11.8667,0,0.0708413
12.0667,0,0.0522687
12.2667,0,0.0440632
12.4667,0,0.0431151
12.6667,0,0.0193374
12.8667,0,0.0256271
13.0667,0,0.0158492
13.2667,0,0.0152327
13.4667,0,0.0168246
13.6667,0,0.0102579
13.8667,0,0.00893516
14.0667,0,0.00574737
14.2667,0,0.0140621
14.4667,0,0.0102071
14.6667,0,0.00820942
14.8667,0,0.0109563
15.0667,0,0.00701936
15.2667,0,0.00728859
15.4667,0,0.0130087
15.6667,0,0.0200046
15.8667,0,0.0232353
16.0667,0,0.024558
16.2667,0,0.0182449
16.4667,0,0.0163837
16.6667,0,0.0148581
16.8667,0,0.00830306
17.0667,0,0.00854107
17.2667,0,0.00857229
17.4667,0,0.00674234
17.6667,0,0.00557179
17.8667,0,0.00797921
18.0667,0,0.00956725
18.2667,0,0.00830696
18.4667,0,0.0137188
18.6667,0,0.00909903
18.8667,0.0210558,0.0194818
19.0667,0.0273906,0.0287564
19.2667,0.0354148,0.038308
19.4667,0.0420513,0.0392718
19.6667,0.0495324,0.0370399
19.8667,0.0495928,0.0437393
20.0667,0.038733,0.0297006
20.2667,0.0369231,0.0233797
20.4667,0.0342081,0.0176986
20.6667,0.0159276,0.022494
20.8667,0.0165309,0.029845
21.0667,0,0.0190018
21.2667,0.0115837,0.0153927
21.4667,0,0.013711
21.6667,0,0.0135354
21.8667,0,0.00592295
22.0667,0,0.00749148
22.2667,0,0.00508016
22.4667,0,0.006239
22.6667,0,0.00759293
22.8667,0,0.0135081
23.0667,0,0.017527
23.2667,0.0198492,0.0174918
23.4667,0.0275716,0.0262436
23.6667,0.0364404,0.0221974
23.8667,0,0.0243824
24.0667,0.0343891,0.023407
24.2667,0.0238914,0.0217409
24.4667,0.0228054,0.022572
24.6667,0,0.0228763
24.8667,0.0225038,0.0233407
25.0667,0.0215385,0.0249911
25.2667,0.0202715,0.0250262
25.4667,0,0.0263958
25.6667,0,0.0232821
25.8667,0.0139367,0.0270279
26.0667,0.0240724,0.0360216
26.2667,0.0428959,0.0507821
26.4667,0.06546,0.04848
26.6667,0.0699849,0.0519683
26.8667,0.078009,0.0520463
27.0667,0.0863348,0.0506104
27.2667,0.109864,0.0627607
27.4667,0.116923,0.084884
27.6667,0.137496,0.091997
27.8667,0.154087,0.107491
28.0667,0.157707,0.114585
28.2667,0.128688,0.122759
28.4667,0.105822,0.135366
28.6667,0.0772851,0.137508
28.8667,0.0687783,0.147141
29.0667,0.0564706,0.147773
29.2667,0.0418703,0.151898
29.4667,0.040543,0.155788
29.6667,0.0225641,0.164824
29.8667,0.0225641,0.154485
30.0667,0.0255807,0.155175
30.2667,0.0292006,0.154317
30.4667,0.0305279,0.153244
30.6667,0.0225038,0.140407
30.8667,0.0352941,0.1297
31.0667,0,0.109118
31.2667,0,0.0886765
31.4667,0,0.0802837
31.6667,0,0.0619998
31.8667,0,0.0520385
32.0667,0,0.0491941
32.2667,0,0.0358577
32.4667,0,0.0187365
32.6667,0,0.00422176
32.8667,0,0.00513869
33.0667,0,0.00565373
33.2667,0,0.00229037
33.4667,0,0
33.6667,0.0223228,0.0066565
33.8667,0.0396983,0.0169105
34.0667,0.0514027,0.0291661
34.2667,0.0681146,0.0391001
34.4667,0.0862745,0.0514376
34.6667,0.0962896,0.0611141
34.8667,0.11276,0.0678487
35.0667,0.112398,0.0721328
35.2667,0.114329,0.0728976
35.4667,0.114872,0.0824453
35.6667,0.115897,0.0829214
35.8667,0.121508,0.0949858
36.0667,0.114811,0.0906509
36.2667,0.0831373,0.0929139
36.4667,0.115173,0.0992544
36.6667,0.0923077,0.0984662
36.8667,0.0778884,0.0962383
37.0667,0.0291403,0.0794917
37.2667,0.0610558,0.0765926
37.4667,0.0278733,0.0771974
37.6667,0,0.0653554
37.8667,0,0.0619569
38.0667,0,0.0557257
38.2667,0,0.0285691
38.4667,0,0.0148386
38.6667,0.0230468,0.0239103
38.8667,0.0316742,0.0276327
39.0667,0.0406636,0.0374808
39.2667,0.0409653,0.0323304
39.4667,0.0409653,0.0341955
39.6667,0.0620814,0.0470754
39.8667,0.0675716,0.0386787
40.0667,0.0730618,0.0412929
40.2667,0.0743288,0.0452845
40.4667,0.0799397,0.039541
40.6667,0.0699246,0.0537007
40.8667,0.0845852,0.0623783
41.0667,0.0444646,0.0660343
41.2667,0.0629864,0.0723553
41.4667,0.0329412,0.0772676
41.6667,0.0544796,0.0642161
41.8667,0.0328808,0.059647
42.0667,0.0582805,0.0569275
42.2667,0.0386727,0.0592647
42.4667,0.0304072,0.0561159
42.6667,0.0480845,0.0436886
42.8667,0.0441026,0.0394512
43.0667,0.0479638,0.0363961
43.2667,0.0303469,0.0356782
43.4667,0,0.0389557
43.6667,0,0.0384914
43.8667,0.0225641,0.0413631
44.0667,0.0209955,0.0431775
44.2667,0,0.0459517
44.4667,0.015264,0.0486907
44.6667,0,0.0573996
44.8667,0,0.0557374
45.0667,0,0.0540245
45.2667,0.0146003,0.0594598
45.4667,0,0.0601933
45.6667,0,0.0597329
45.8667,0,0.0564593
46.0667,0,0.0462755
46.2667,0,0.0423542
46.4667,0,0.0397595
46.6667,0,0.0302547
46.8667,0,0.0246985
47.0667,0,0.0224745
47.2667,0,0.0197627
47.4667,0,0.0161964
47.6667,0,0.0127433
47.8667,0,0.0149986
48.0667,0,0.00836549
48.2667,0,0.00689841
48.4667,0,0.00658626
48.6667,0,0.00440905
48.8667,0,0.00612195
49.0667,0,0.00267274
49.2667,0,0.00693743
49.4667,0,0.00917317
49.6667,0,0.00493189
49.8667,0,0.00921999
50.0667,0,0.00525965
50.2667,0,0.00250106
50.4667,0,0.00487727
50.6667,0,0.00206016
50.8667,0,0.00632874
51.0667,0,0.00335166
51.2667,0,0.0017207
51.4667,0,0.00250887
51.6667,0,0
51.8667,0,0
52.0667,0,0.00457683
52.2667,0,0.00913805
52.4667,0,0.0047251
52.6667,0,0
52.8667,0,0
53.0667,0,0
53.2667,0,0.00216161
53.4667,0.0242534,0.00879469
53.6667,0,0.0100979
53.8667,0,0.0185219
54.0667,0,0.0189082
54.2667,0,0.0127355
54.4667,0,0.0125834
54.6667,0,0.0159545
54.8667,0,0.012318
55.0667,0,0.0113699
55.2667,0,0.0151703
55.4667,0,0.0150181
55.6667,0,0.0124429
55.8667,0,0.00196651
56.0667,0,0.0114635
56.2667,0,0.00248155
56.4667,0,0.00274688
56.6667,0,0.00939947
56.8667,0,0
57.0667,0,0.00615706
57.2667,0,0.0120176
57.4667,0,0.00671893
57.6667,0,0.00417104
57.8667,0,0.0150649
58.0667,0,0.00825234
58.2667,0,0
58.4667,0,0.00755391
58.6667,0,0.0221896
58.8667,0,0.00442466
59.0667,0,0.00415933
59.2667,0,0.00935265
59.4667,0,0.0109836
59.6667,0,0.00808456
59.8667,0,0.00918877
60.0667,0,0.00419445
60.2667,0,0.00180264
60.4667,0,0
60.6667,0,0.0115299
60.8667,0,0.0119435
61.0667,0,0.0179132
61.2667,0,0.01693
61.4667,0,0
61.6667,0,0
61.8667,0,0
62.0667,0,0.00284832
62.2667,0,0
62.4667,0,0.0117367
62.6667,0,0.0195793
62.8667,0,0.0198212
63.0667,0,0.0170314
63.2667,0,0.00591125
63.4667,0,0.00230597
63.6667,0,0.00694913
63.8667,0,0.0017207
64.0667,0,0.00188458
64.2667,0,0
64.4667,0,0
64.6667,0,0.0017207
64.8667,0,0.0114089
65.0667,0,0.0139217
65.2667,0,0.0162042
65.4667,0,0.0203402
65.6667,0,0.0244254
65.8667,0,0.0121034
66.0667,0,0.00772169
66.2667,0,0.00369502
66.4667,0,0.00484996
66.6667,0,0.0108236
66.8667,0,0.00482654
67.0667,0,0.00712081
67.2667,0,0
67.4667,0,0.0302625
67.6667,0,0.0155526
67.8667,0,0.015857
68.0667,0,0.0137578
68.2667,0,0.00393693
68.4667,0,0.0148425
68.6667,0,0.00784265
68.8667,0,0.0137968
69.0667,0,0.0137266
69.2667,0,0.00289515
69.4667,0,0.017843
69.6667,0,0.0144562
69.8667,0,0.00856058
70.0667,0,0.0172148
70.2667,0,0.00763585
70.4667,0,0.0171836
70.6667,0,0.0121581
70.8667,0,0.0102774
71.0667,0,0.0108666
71.2667,0,0.00883371
71.4667,0,0.0109212
71.6667,0,0.0115806
71.8667,0,0.00828745
72.0667,0,0.0107066
72.2667,0,0.0122088
72.4667,0,0.0152132
72.6667,0,0.0112879
72.8667,0,0.0119083
73.0667,0,0.0104256
73.2667,0,0.0133403
73.4667,0,0.0125755
73.6667,0,0.00612195
73.8667,0,0.0066643
74.0667,0,0.00765926
74.2667,0,0.00754221
74.4667,0,0.0060127
74.6667,0,0.0121307
74.8667,0,0.0117835
75.0667,0,0.0196651
75.2667,0,0.0255413
75.4667,0.0316139,0.0319598
75.6667,0,0.0316203
75.8667,0.040543,0.0324358
76.0667,0.0278733,0.0209176
76.2667,0.0266063,0.0259549
76.4667,0.0291403,0.0247765
76.6667,0.0266063,0.0222325
76.8667,0.0342081,0.0257169
77.0667,0,0.02281
77.2667,0,0.0286432
77.4667,0.0266063,0.0235631
77.6667,0.0266063,0.0323382
77.8667,0,0.0316008
78.0667,0,0.0258339
78.2667,0,0.0165281
78.4667,0,0.0146474
78.6667,0,0.0188146
78.8667,0,0.0157594
79.0667,0,0.018596
79.2667,0,0.0157555
79.4667,0,0.0130204
79.6667,0,0.0130282
79.8667,0,0.00866203
80.0667,0,0.00848255
80.2667,0,0.0108861
80.4667,0,0.00293807
80.6667,0,0.00483435
80.8667,0,0
81.0667,0,0.00169339
81.2667,0,0
81.4667,0,0.0017207
81.6667,0,0.00305122
81.8667,0,0.0111007
82.0667,0,0.0228217
82.2667,0,0.0280189
82.4667,0,0.026665
82.6667,0,0.018159
82.8667,0,0.022412
83.0667,0,0.0195754
83.2667,0,0.0239884
83.4667,0,0.0214288
83.6667,0,0.016056
83.8667,0,0.0130047
84.0667,0,0.0116664
84.2667,0,0.00506065
84.4667,0,0.00874787
84.6667,0,0.0086113
84.8667,0,0.00701156
85.0667,0,0.00778022
85.2667,0,0.0219867
85.4667,0,0.0208786
85.6667,0,0.0142494
85.8667,0,0.0255764
86.0667,0,0.0117484
86.2667,0,0.0115221
86.4667,0,0.0243668
86.6667,0,0.0280736
86.8667,0.0278733,0.0272386
87.0667,0,0.0176206
87.2667,0,0.0120137
87.4667,0,0.0177376
87.6667,0.0278733,0.0191969
87.8667,0,0.0133793
88.0667,0,0.00557569
88.2667,0,0.00262592
88.4667,0,0.00395644
88.6667,0,0.00418275
88.8667,0,0.00583321
89.0667,0,0.00919268
89.2667,0,0.0094697
89.4667,0,0.0158414
89.6667,0,0.0152795
89.8667,0,0.0235318
90.0667,0,0.0260407
90.2667,0,0.029724
90.4667,0,0.0339263
90.6667,0,0.037075
90.8667,0,0.0361464
91.0667,0,0.0359318
91.2667,0,0.032467
91.4667,0,0.0376369
91.6667,0,0.0293026
91.8667,0,0.025034
92.0667,0,0.0243824
92.2667,0,0.02281
92.4667,0,0.0204611
92.6667,0,0.0223457
92.8667,0,0.0198524
93.0667,0,0.0186156
93.2667,0,0.0168753
93.4667,0,0.0159389
93.6667,0,0.012876
93.8667,0,0.0101681
94.0667,0,0.0163798
94.2667,0,0.0207772
94.4667,0,0.0251394
94.6667,0,0.0357172
94.8667,0,0.0386046
95.0667,0,0.0524833
95.2667,0,0.0906196
95.4667,0,0.109313
95.6667,0,0.132498
95.8667,0,0.149053
96.0667,0,0.169378
96.2667,0.0684163,0.197248
96.4667,0,0.216067
96.6667,0.0228054,0.241928
96.8667,0.0477828,0.251308
97.0667,0.0942986,0.261453
97.2667,0.12911,0.277556
97.4667,0.133273,0.27713
97.6667,0.135445,0.296811
97.8667,0.118673,0.330308
98.0667,0.139487,0.377079
98.2667,0.255807,0.389124
98.4667,0.243922,0.401462
98.6667,0.301659,0.399889
98.8667,0.409774,0.41433
99.0667,0.369472,0.438388
99.2667,0.331403,0.426578
99.4667,0.378944,0.449973
99.6667,0.467572,0.476915
99.8667,0.442594,0.48022
100.067,0.433544,0.492003
100.267,0.416772,0.511895
100.467,0.468477,0.51621
100.667,0.381297,0.506432
100.867,0.424796,0.509565
101.067,0.452489,0.514154
101.267,0.451403,0.513389
101.467,0.452489,0.521536
101.667,0.441508,0.515906
101.867,0.480724,0.514419
102.067,0.48736,0.510373
102.267,0.483258,0.516491
102.467,0.522775,0.512043
102.667,0.522836,0.512858
102.867,0.551554,0.518282
103.067,0.577134,0.525153
103.267,0.588175,0.526741
103.467,0.558311,0.532925
103.667,0.599397,0.539508
103.867,0.591614,0.548447
104.067,0.587149,0.553991
104.267,0.604163,0.561491
104.467,0.598974,0.571405
104.667,0.60181,0.579447
104.867,0.659125,0.585424
105.067,0.654661,0.579408
105.267,0.692308,0.600392
105.467,0.764465,0.604477
105.667,0.721026,0.622527
105.867,0.788054,0.630529
106.067,0.744072,0.633604
106.267,0.791493,0.645797
106.467,0.798311,0.658974
106.667,0.796078,0.668451
106.867,0.807903,0.683013
107.067,0.837888,0.696525
107.267,0.814359,0.698464
107.467,0.817738,0.705343
107.667,0.859608,0.705132
107.867,0.830226,0.703205
108.067,0.817376,0.689068
108.267,0.816833,0.669657
108.467,0.813756,0.661358
108.667,0.809291,0.642633
108.867,0.811765,0.630931
109.067,0.796078,0.618937
109.267,0.800181,0.622449
109.467,0.846214,0.627759
109.667,0.812308,0.630252
109.867,0.828054,0.618047
110.067,0.809593,0.614711
110.267,0.816652,0.613588
110.467,0.805551,0.60047
110.667,0.804344,0.597013
110.867,0.838069,0.608367
111.067,0.806817,0.601937
111.267,0.79644,0.599717
111.467,0.807783,0.597543
111.667,0.850015,0.619971
111.867,0.824012,0.627431
112.067,0.805792,0.62662
112.267,0.806878,0.624813
112.467,0.738944,0.608753
112.667,0.753725,0.606892
112.867,0.733876,0.59379
113.067,0.741538,0.582463
113.267,0.706063,0.573758
113.467,0.707451,0.568526
113.667,0.702685,0.564105
113.867,0.676561,0.547089
114.067,0.671131,0.53655
114.267,0.730437,0.551873
114.467,0.688386,0.545938
114.667,0.628778,0.546594
114.867,0.629321,0.547764
115.067,0.591614,0.53991
115.267,0.574781,0.520155
115.467,0.595113,0.525848
115.667,0.573756,0.510092
115.867,0.60368,0.523616
116.067,0.56724,0.514407
116.267,0.607964,0.518364
116.467,0.618522,0.521009
116.667,0.641448,0.527635
116.867,0.620513,0.513085
117.067,0.625822,0.497243
117.267,0.589442,0.489822
117.467,0.573092,0.480169
117.667,0.573756,0.477637
117.867,0.534419,0.463824
118.067,0.562474,0.461066
118.267,0.563318,0.469845
118.467,0.553424,0.464714
118.667,0.557285,0.471097
118.867,0.581297,0.467629
119.067,0.633062,0.45579
119.267,0.607783,0.439415
119.467,0.605249,0.425536
119.667,0.578462,0.416121
119.867,0.560603,0.39802
120.067,0.547572,0.397903
120.267,0.583228,0.416527
120.467,0.635294,0.438681
120.667,0.665762,0.459751
120.867,0.673364,0.453426
121.067,0.673907,0.448693
121.267,0.68537,0.445201
121.467,0.662866,0.43364
121.667,0.668959,0.430905
121.867,0.651885,0.427139
122.067,0.640241,0.426979
122.267,0.632278,0.435903
122.467,0.626848,0.431623
122.667,0.591795,0.415368
122.867,0.582323,0.404567
123.067,0.550528,0.377594
123.267,0.515234,0.34867
123.467,0.476561,0.317561
123.667,0.418763,0.294173
123.867,0.433243,0.278804
124.067,0.439578,0.273189
124.267,0.448386,0.279401
124.467,0.441689,0.268043
124.667,0.438733,0.263903
124.867,0.447722,0.266627
125.067,0.473725,0.279066
125.267,0.527421,0.312052
125.467,0.570256,0.34174
125.667,0.599819,0.371589
125.867,0.613514,0.400381
126.067,0.60181,0.422274
126.267,0.597768,0.444881
126.467,0.533514,0.436153
126.667,0.569593,0.461241
126.867,0.610136,0.49461
127.067,0.68,0.527678
127.267,0.655928,0.526815
127.467,0.6619,0.525383
127.667,0.645551,0.51058
127.867,0.618281,0.480185
128.067,0.59825,0.461343
128.267,0.575324,0.446079
128.467,0.546848,0.416733
128.667,0.537436,0.411411
128.867,0.539186,0.399913
129.067,0.498824,0.370692
129.267,0.441569,0.345787
129.467,0.432338,0.331221
129.667,0.409231,0.306464
129.867,0.374118,0.288208
130.067,0.330739,0.249209
130.267,0.298522,0.215868
130.467,0.244887,0.17923
130.667,0.213032,0.160704
130.867,0.183952,0.142767
131.067,0.171885,0.119829
131.267,0.140754,0.0981267
131.467,0.11089,0.0737833
131.667,0.0763198,0.0447733
131.867,0.05454,0.0384329
132.067,0.0146003,0.0205079
132.267,0,0.0112021
132.467,0,0.0146279
132.667,0,0.0154317
132.867,0,0.00685549
133.067,0,0.0120215
133.267,0.0146003,0.0165008
133.467,0,0.0218228
133.667,0.0661237,0.0652461
133.867,0.109683,0.0975102
134.067,0.177014,0.128198
134.267,0.238311,0.1723
134.467,0.288567,0.214717
134.667,0.26371,0.239365
134.867,0.314208,0.275878
135.067,0.37092,0.338283
135.267,0.412549,0.385858
135.467,0.426667,0.38628
135.667,0.433062,0.372705
135.867,0.409291,0.364433
136.067,0.375143,0.340109
136.267,0.346908,0.325365
136.467,0.325852,0.309328
136.667,0.305882,0.303159
136.867,0.303409,0.295906
137.067,0.287903,0.266728
137.267,0.244887,0.234526
137.467,0.213032,0.197693
137.667,0.178401,0.163615
137.867,0.150226,0.13782
138.067,0.127602,0.117585
138.267,0.111011,0.0966909
138.467,0.0881448,0.0664167
138.667,0.079457,0.0497989
138.867,0.0398793,0.0372974
139.067,0,0.0241132
139.267,0,0.0230909
139.467,0,0.0193296
139.667,0,0.0126302
139.867,0,0.0180537
140.067,0.0159276,0.0294782
140.267,0.0546606,0.0438837
140.467,0.0771041,0.0591125
140.667,0.109985,0.0695108
140.867,0.124525,0.0855083
141.067,0.106787,0.088103
141.267,0.114932,0.0972176
141.467,0.115777,0.0988096
141.667,0.177979,0.118701
141.867,0.18733,0.153747
142.067,0.226848,0.182234
142.267,0.249713,0.214194
142.467,0.292911,0.262596
142.667,0.237285,0.239201
142.867,0.263409,0.249509
143.067,0.303228,0.262163
143.267,0.322534,0.268312
143.467,0.327783,0.284009
143.667,0.332609,0.284275
143.867,0.390226,0.304131
144.067,0.400121,0.319344
144.267,0.43276,0.338022
144.467,0.446093,0.331518
144.667,0.435475,0.315688
144.867,0.394449,0.29566
145.067,0.377617,0.292031
145.267,0.339186,0.258355
145.467,0.338884,0.228787
145.667,0.300211,0.200659
145.867,0.262504,0.163829
146.067,0.231312,0.143844
146.267,0.19095,0.123492
146.467,0.15644,0.103386
146.667,0.132308,0.0865501
146.867,0.105641,0.064856
147.067,0.068175,0.0543133
147.267,0.0655204,0.0540206
147.467,0.0531523,0.029845
147.667,0.0329412,0.0221818
147.867,0.0191855,0.0181864
148.067,0,0.0176284
148.267,0,0.018994
148.467,0,0.0171212
148.667,0,0.0210308
148.867,0,0.0185102
149.067,0.0139367,0.0227281
149.267,0.0139367,0.0204065
149.467,0.0139367,0.0224706
149.667,0,0.0222325
149.867,0.0139367,0.0254828
150.067,0,0.0245775
150.267,0,0.0289749
150.467,0.0177376,0.0262397
150.667,0,0.0250418
150.867,0,0.0362479
151.067,0,0.0273244
151.267,0.0278733,0.0463653
151.467,0.0754751,0.0632094
151.667,0.0893514,0.0992075
151.867,0.132851,0.119072
152.067,0.171342,0.149642
152.267,0.209412,0.159448
152.467,0.233544,0.160708
152.667,0.24181,0.16937
152.867,0.250075,0.167123
153.067,0.247179,0.166931
153.267,0.24905,0.181575
153.467,0.264917,0.187927
153.667,0.273183,0.206812
153.867,0.288084,0.221358
154.067,0.252368,0.208501
154.267,0.191493,0.193628
154.467,0.216893,0.194837
154.667,0.207059,0.194985
154.867,0.195958,0.181001
155.067,0.21641,0.161863
155.267,0.199095,0.155959
155.467,0.193303,0.143193
155.667,0.1673,0.121428
155.867,0.119397,0.112361
156.067,0.079638,0.10103
156.267,0.0953846,0.0861911
156.467,0.103831,0.08234
156.667,0.0937557,0.0623081
156.867,0.0746908,0.0589915
157.067,0.0728808,0.0615121
157.267,0.0595475,0.0573567
157.467,0.0580392,0.0461702
157.667,0.0596078,0.0410237
157.867,0.0676923,0.0505909
158.067,0.0748718,0.0500525
158.267,0.0726395,0.0465838
158.467,0.0329412,0.044867
158.667,0.0482051,0.0466501
158.867,0.0369834,0.0422762
159.067,0.0863952,0.0543094
159.267,0.132308,0.0771974
159.467,0.147692,0.10801
159.667,0.183469,0.133149
159.867,0.216169,0.134737
160.067,0.219065,0.135213
160.267,0.227632,0.136372
160.467,0.227089,0.139365
160.667,0.245128,0.147059
160.867,0.229201,0.148636
161.067,0.19994,0.131031
161.267,0.164525,0.110679
161.467,0.140271,0.087584
161.667,0.106486,0.0671073
161.867,0.080905,0.0520385
162.067,0.0554449,0.0360957
162.267,0.0308296,0.0336414
162.467,0.0587029,0.0474344
162.667,0.102383,0.0709662
162.867,0.143771,0.0851415
163.067,0.167783,0.0919463
163.267,0.175686,0.0935967
163.467,0.184193,0.0993402
163.667,0.191976,0.102949
163.867,0.200724,0.106734
164.067,0.195053,0.118861
164.267,0.173695,0.112193
164.467,0.140573,0.0896598
164.667,0.116259,0.0719182
164.867,0.101116,0.0567753
165.067,0.0696833,0.0417611
165.267,0.0726999,0.0397049
165.467,0.0778884,0.0383822
165.667,0.0646154,0.0361971
165.867,0.0701659,0.0374535
166.067,0.0813273,0.0396698
166.267,0.0840422,0.0411798
166.467,0.0622021,0.039264
166.667,0.066184,0.043911
166.867,0.0924284,0.0499354
167.067,0.0595475,0.0508641
167.267,0.0594872,0.0524209
167.467,0.111976,0.056947
167.667,0.106667,0.0819927
167.867,0.172911,0.112677
168.067,0.180754,0.143068
168.267,0.231916,0.147664
168.467,0.259367,0.150653
168.667,0.264495,0.158086
168.867,0.275354,0.162596
169.067,0.280121,0.170642
169.267,0.297436,0.175863
169.467,0.302262,0.179476
169.667,0.310649,0.189425
169.867,0.313967,0.196628
170.067,0.283198,0.185258
170.267,0.263469,0.165133
170.467,0.228778,0.137679
170.667,0.17997,0.112677
170.867,0.149201,0.0863628
171.067,0.121991,0.0621637
171.267,0.0824133,0.0409652
171.467,0.0486878,0.0192516
171.667,0,0.00381207
171.867,0,0.00111202
172.067,0,0
172.267,0,0.00124468
172.467,0,0.00146318
172.667,0,0.00163096
172.867,0,0
173.067,0,0.00152171
173.267,0,0
173.467,0,0
173.667,0,0
173.867,0,0
174.067,0,0
174.267,0,0
174.467,0,0.00456903
174.667,0,0
174.867,0,0
175.067,0,0
175.267,0.0384917,0.0179171
175.467,0.0713122,0.0438291
175.667,0.112338,0.0655427
175.867,0.14359,0.0823088
176.067,0.19089,0.100944
176.267,0.239879,0.137535
176.467,0.325551,0.188586
176.667,0.394811,0.240832
176.867,0.444646,0.277216
177.067,0.495747,0.309004
177.267,0.541357,0.330094
177.467,0.561569,0.346512
177.667,0.53822,0.344249
177.867,0.503529,0.334561
178.067,0.477828,0.318021
178.267,0.459005,0.311626
178.467,0.439638,0.302332
178.667,0.427149,0.288898
178.867,0.403499,0.272518
179.067,0.385098,0.266783
179.267,0.359336,0.242958
179.467,0.322956,0.217409
179.667,0.283801,0.190736
179.867,0.25629,0.170978
180.067,0.229442,0.153412
180.267,0.181176,0.13267
180.467,0.183348,0.109649
180.667,0.125551,0.0856331
180.867,0.03819,0.0687266
181.067,0.0598492,0.0696591
181.267,0.0342081,0.068711
181.467,0.0342081,0.0787854
181.667,0,0.0729366
181.867,0,0.0834481
182.067,0,0.0878181
182.267,0.0345701,0.102551
182.467,0.0533333,0.114452
182.667,0.0760784,0.128647
182.867,0.0976169,0.125697
183.067,0.112338,0.125463
183.267,0.12181,0.122057
183.467,0.139306,0.128963
183.667,0.109864,0.12954
183.867,0.111554,0.143844
184.067,0.112821,0.155183
184.267,0.146848,0.147613
184.467,0.107029,0.139104
184.667,0.146848,0.124682
184.867,0.145038,0.135846
185.067,0.121267,0.134972
185.267,0.100332,0.138409
185.467,0.0624434,0.137605
185.667,0.0544796,0.138003
185.867,0.0343288,0.123539
186.067,0.0549623,0.113539
186.267,0.0344495,0.108845
186.467,0.0304072,0.10419
186.667,0,0.0881927
186.867,0,0.0733619
187.067,0,0.0660499
187.267,0,0.0431502
187.467,0,0.032069
187.667,0,0.0311053
187.867,0,0.0261305
188.067,0,0.0169027
188.267,0,0.0227749
188.467,0,0.0171173
188.667,0,0.0175816
188.867,0,0.0199968
189.067,0,0.0269498
189.267,0,0.023407
189.467,0,0.0228919
189.667,0,0.0296928
189.867,0,0.022096
190.067,0,0.0237542
190.267,0.0123077,0.0336414
190.467,0.0202112,0.0359201
190.667,0.0179789,0.0330913
190.867,0.0218401,0.0333683
191.067,0.015264,0.0292948
191.267,0,0.0281594
191.467,0,0.0281087
191.667,0,0.0247882
191.867,0,0.0262553
192.067,0.0304676,0.0240781
192.267,0.0430769,0.0311638
192.467,0.0185219,0.0463145
192.667,0,0.0581565
192.867,0,0.0669278
193.067,0,0.0591359
193.267,0,0.0569197
193.467,0,0.0546449
193.667,0,0.0493228
193.867,0,0.0539777
194.067,0,0.0514454
194.267,0,0.0472393
194.467,0,0.0461624
194.667,0,0.0463497
194.867,0.0139367,0.0472198
195.067,0,0.0416324
195.267,0,0.0479728
195.467,0,0.0508797
195.667,0,0.0573996
195.867,0,0.0531115
196.067,0,0.0427912
196.267,0.0100151,0.050271
196.467,0.027632,0.0557374
196.667,0.0493514,0.0550858
196.867,0.0667873,0.0691402
197.067,0.0795777,0.0782587
197.267,0.0725189,0.0753167
197.467,0.0675113,0.082617
197.667,0.0624434,0.0780597
197.867,0.0546606,0.0815011
198.067,0.0535747,0.0826482
198.267,0.0533333,0.0871392
198.467,0.0502564,0.0905377
198.667,0.0524284,0.0903387
198.867,0.0266063,0.100604
199.067,0.108537,0.108213
199.267,0.0927904,0.126103
199.467,0.0991252,0.140243
199.667,0.122896,0.144683
199.867,0.130317,0.152904
200.067,0.164344,0.166576
200.267,0.154992,0.181407
200.467,0.184133,0.193694
200.667,0.162474,0.218229
200.867,0.119578,0.207292
201.067,0.145339,0.222111
201.267,0.129653,0.221682
201.467,0.150407,0.196101
201.667,0.159879,0.181048
201.867,0.15632,0.171793
202.067,0.141297,0.175324
202.267,0.13086,0.176186
202.467,0.141478,0.17701
202.667,0.14178,0.170061
202.867,0.125611,0.170345
203.067,0.067089,0.145631
203.267,0.0841629,0.136415
203.467,0.0570136,0.133181
203.667,0.0605128,0.123013
203.867,0.0477225,0.11334
204.067,0.0751131,0.11284
204.267,0.0334842,0.11986
204.467,0.0510407,0.114226
204.667,0.0921267,0.124659
204.867,0.0816893,0.135268
205.067,0.111976,0.140356
205.267,0.112217,0.128686
205.467,0.12356,0.117952
205.667,0.138522,0.117882
205.867,0.141719,0.132822
206.067,0.124042,0.123953
206.267,0.155897,0.120258
206.467,0.149925,0.11904
206.667,0.151433,0.115704
206.867,0.113967,0.118873
207.067,0.100392,0.121674
207.267,0.0834389,0.114327
207.467,0,0.110905
207.667,0.0278733,0.10339
207.867,0.0291403,0.0986262
208.067,0,0.0895115
208.267,0.0208145,0.0763624
208.467,0,0.084408
208.667,0,0.0691675
208.867,0.0185219,0.0664557
209.067,0,0.0420889
209.267,0,0.0464784
209.467,0,0.0345233
209.667,0,0.0448514
209.867,0,0.0359474
210.067,0,0.0146552
210.267,0,0.0177962
210.467,0,0.0218541
210.667,0,0.0143509
210.867,0,0.0246634
211.067,0.0202715,0.0153692
211.267,0.0229864,0.0102891
211.467,0,0.0112879
211.667,0,0.0239806
211.867,0,0.0298606
212.067,0,0.0218658
212.267,0.0202715,0.0287798
212.467,0.0202715,0.0373794
212.667,0,0.0314837
212.867,0,0.0328455
213.067,0,0.0277536
213.267,0,0.023329
213.467,0,0.0126887
213.667,0.0165913,0.0175738
213.867,0.0158673,0.0177298
214.067,0,0.0184244
214.267,0,0.0109134
214.467,0,0.00934485
214.667,0,0.00911464
214.867,0,0.00443246
215.067,0,0.00676184
215.267,0,0.012439
215.467,0,0.0175621
215.667,0,0.0183424
215.867,0,0.0114557
216.067,0,0.0166998
216.267,0,0.0127355
216.467,0,0.0143938
216.667,0,0.0133637
216.867,0,0.0167271
217.067,0,0.0270045
217.267,0,0.020902
217.467,0,0.0156424
217.667,0,0.00587223
217.867,0,0.0098989
218.067,0,0.0130087
218.267,0,0.014901
218.467,0,0.0170978
218.667,0,0.00513869
218.867,0,0.0140816
219.067,0,0.0131686
219.267,0,0.0130087
219.467,0,0.00620779
219.667,0,0.01089
219.867,0,0.00729249
220.067,0,0.0121073
220.267,0,0.0088142
220.467,0,0.00801043
220.667,0,0.0149791
220.867,0,0.020426
221.067,0,0.0225603
221.267,0,0.0255374
221.467,0.0190045,0.0323695
221.667,0,0.0337663
221.867,0,0.0340784
222.067,0,0.0355689
222.267,0.0226244,0.0353856
222.467,0,0.0360684
222.667,0,0.0498808
222.867,0,0.0404111
223.067,0,0.0400053
223.267,0,0.0349525
223.467,0.0235294,0.0335751
223.667,0,0.0403994
223.867,0,0.044149
224.067,0,0.0425493
224.267,0.0234691,0.0412071
224.467,0,0.0458463
224.667,0,0.033025
224.867,0.0185822,0.0349134
225.067,0,0.024519
225.267,0,0.0131413
225.467,0,0.00763195
225.667,0,0.0124273
225.867,0,0.00813138
226.067,0,0.00954774
226.267,0,0.00746417
226.467,0,0.00204845
226.667,0,0.00603221
226.867,0,0.0121737
227.067,0,0.0134261
227.267,0,0.0135315
227.467,0,0.0137032
227.667,0,0.00793629
227.867,0,0.0034414
228.067,0,0
228.267,0,0
228.467,0,0
228.667,0,0
228.867,0,0
229.067,0,0.00368722
229.267,0,0
229.467,0,0.00223964
229.667,0,0.00292246
229.867,0,0.00287954
230.067,0,0.000901319
230.267,0,0.00467828
230.467,0,0.00598538
230.667,0,0.00381207
230.867,0,0.0116274
231.067,0,0.0116586
231.267,0,0.0122556
231.467,0,0.0151429
231.667,0,0.01041
231.867,0,0.00308243
232.067,0,0.00506456
232.267,0,0.00588784
232.467,0,0.0021421
232.667,0,0.0034492
232.867,0,0.00271566
233.067,0,0.00139685
233.267,0,0
233.467,0,0.00277419
233.667,0,0.00293026
233.867,0,0.00293026
234.067,0,0.00188458
234.267,0,0
234.467,0,0
234.667,0,0
234.867,0,0
235.067,0,0
235.267,0,0
235.467,0,0
235.667,0,0.00260641
235.867,0,0.00282882
236.067,0,0
236.267,0,0.00273907
236.467,0,0.00995743
236.667,0,0.0103866
236.867,0,0.00469388
237.067,0,0.00839671
237.267,0,0.0113738
237.467,0,0.0131257
237.667,0,0.00693352
237.867,0,0.0017207
238.067,0,0.00944629
238.267,0,0
238.467,0,0
238.667,0,0.0017207
238.867,0,0.00417494
239.067,0,0.0017207
239.267,0,0.00374184
239.467,0,0.00733151
239.667,0,0.0120527
239.867,0,0.00814309
240.067,0,0.0142689
240.267,0,0.00506065
240.467,0,0.00311755
240.667,0,0.00807676
240.867,0,0.0135861
241.067,0,0.0138553
241.267,0,0.0169144
241.467,0,0.0254515
241.667,0,0.0305356
241.867,0,0.0283428
242.067,0,0.0188536
242.267,0,0.0167661
242.467,0,0.0166607
242.667,0,0.0164305
242.867,0,0.0159662
243.067,0,0.0162745
243.267,0,0.0168285
243.467,0,0.012517
243.667,0,0.00910293
243.867,0,0.00769828
244.067,0,0.00906001
244.267,0,0.00798311
244.467,0,0.0106402
244.667,0,0.00928632
244.867,0,0.019392
245.067,0.0202715,0.022014
245.267,0.0220814,0.0214132
245.467,0.0375867,0.0202426
245.667,0,0.0176908
245.867,0.0190045,0.00872446
246.067,0,0.00521673
246.267,0,0.00423347
246.467,0,0.00875957
246.667,0,0.0106988
246.867,0,0.0236879
247.067,0.0139367,0.0204494
247.267,0.0199095,0.031472
247.467,0,0.0246634
247.667,0,0.0243083
247.867,0,0.0215536
248.067,0,0.0258846
248.267,0,0.0215614
248.467,0,0.0213858
248.667,0,0.0239064
248.867,0,0.0212883
249.067,0,0.0239454
249.267,0,0.021659
249.467,0,0.0180849
249.667,0,0.0165047
249.867,0,0.00842792
250.067,0,0.00930193
250.267,0,0.00453001
250.467,0,0
250.667,0,0
250.867,0,0.00706228
251.067,0,0.00802603
251.267,0.028537,0.0189706
251.467,0.027994,0.023286
251.667,0,0.0361308
251.867,0.02727,0.0263607
252.067,0.0202112,0.0213039
252.267,0,0.0197432
252.467,0.0190045,0.0119864
252.667,0,0.00348042
252.867,0,0.0017207
253.067,0,0.0055874
253.267,0.0139367,0.0138905
253.467,0,0.0153107
253.667,0,0.0197939
253.867,0,0.0206406
254.067,0,0.0189784
254.267,0,0.0127355
254.467,0,0.0116391
254.667,0,0.00364039
254.867,0,0
255.067,0,0
255.267,0,0
255.467,0,0.0017207
255.667,0,0
255.867,0,0.0017207
256.067,0,0.00317608
256.267,0,0.00184556
256.467,0.00862745,0.00260251
256.667,0,0.00248546
256.867,0,0.00372233
257.067,0,0.00585662
257.267,0,0.00929802
257.467,0,0.00619608
257.667,0,0.00949312
257.867,0,0.0214405
258.067,0,0.0212805
258.267,0,0.0126536
258.467,0,0.0124039
258.667,0,0.0194427
258.867,0,0.0230519
259.067,0,0.024242
259.267,0,0.0157477
259.467,0,0.019591
259.667,0.0208145,0.0372974
259.867,0.0190045,0.0448436
260.067,0.0225641,0.0431502
260.267,0.0212368,0.0448982
260.467,0,0.0397595
260.667,0,0.0303327
260.867,0,0.0223379
261.067,0,0.0120683
261.267,0,0.0144913
261.467,0,0.0151546
261.667,0,0.017207
261.867,0,0.0166451
262.067,0,0.0208708
262.267,0,0.0201919
262.467,0,0.0137734
262.667,0,0.0220804
262.867,0,0.0278199
263.067,0,0.0254906
263.267,0,0.0121385
263.467,0,0.00853717
263.667,0,0.00630923
263.867,0,0.0147098
264.067,0,0.0261187
264.267,0,0.0263685
264.467,0,0.014983
264.667,0,0.00805335
264.867,0,0.004729
265.067,0,0.00652774
265.267,0,0.0140856
265.467,0.0284766,0.0254164
265.667,0.0222021,0.0254164
265.867,0.0334238,0.028413
266.067,0.0320362,0.0164657
266.267,0,0.00701936
266.467,0,0.00297708
266.667,0,0.00319559
266.867,0,0
267.067,0,0.00524794
267.267,0,0.00305512
267.467,0,0.00377696
267.667,0,0.00673453
267.867,0,0.00856839
268.067,0,0.0178508
268.267,0.0260633,0.0283116
268.467,0.0222021,0.0242381
268.667,0,0.0259783
268.867,0.0299246,0.0288851
269.067,0.0541176,0.0321939
269.267,0.0249774,0.0383236
269.467,0.038914,0.0318661
269.667,0.0225641,0.0215887
269.867,0,0.0113777
270.067,0,0.00114713
270.267,0,0.00111202
270.467,0,0
270.667,0,0.0045222
270.867,0,0.00735882
271.067,0,0.0114869
271.267,0,0.0139685
271.467,0.0146003,0.0257793
271.667,0,0.013075
271.867,0,0.00867373
272.067,0,0.0109758
272.267,0,0.0128643
272.467,0,0.00694523
272.667,0,0.0182215
272.867,0,0.0116976
273.067,0,0.0147957
273.267,0,0.00443246
273.467,0,0.0071052
273.667,0,0.00630143
273.867,0,0.00541572
274.067,0,0.00354285
274.267,0,0.00355065
274.467,0,0.00996914
274.667,0,0.00793239
274.867,0,0.0113543
275.067,0,0.00846304
275.267,0,0.0104413
275.467,0,0.010609
275.667,0,0.0142299
275.867,0,0.0126263
276.067,0,0.0157711
276.267,0,0.036997
276.467,0,0.0440983
276.667,0,0.0494438
276.867,0,0.0541533
277.067,0,0.0714695
277.267,0,0.0858243
277.467,0,0.110066
277.667,0,0.130925
277.867,0,0.132205
278.067,0,0.145639
278.267,0,0.149455
278.467,0.040543,0.137531
278.667,0.0935143,0.155725
278.867,0.104676,0.175902
279.067,0.08181,0.17786
279.267,0.126214,0.190171
279.467,0.0875415,0.183674
279.667,0.106908,0.208856
279.867,0.10552,0.204451
280.067,0.14721,0.241015
280.267,0.135385,0.279093
280.467,0.11644,0.31872
280.667,0.164163,0.376771
280.867,0.183469,0.419527
281.067,0.248869,0.462989
281.267,0.314691,0.483041
281.467,0.411463,0.496268
281.667,0.433725,0.501239
281.867,0.505158,0.50875
282.067,0.455204,0.517357
282.267,0.536229,0.512351
282.467,0.537436,0.537662
282.667,0.567602,0.556672
282.867,0.560965,0.57981
283.067,0.590588,0.566235
283.267,0.651342,0.567285
283.467,0.655928,0.596002
283.667,0.656591,0.608266
283.867,0.616048,0.604586
284.067,0.703771,0.619581
284.267,0.697195,0.619608
284.467,0.74914,0.613151
284.667,0.756561,0.613923
284.867,0.779005,0.621621
285.067,0.769532,0.623623
285.267,0.784555,0.625781
285.467,0.738703,0.640327
285.667,0.760483,0.635286
285.867,0.748356,0.646328
286.067,0.715777,0.648072
286.267,0.733273,0.64925
286.467,0.71632,0.651513
286.667,0.712579,0.656426
286.867,0.681991,0.650897
287.067,0.71644,0.650472
287.267,0.700996,0.648435
287.467,0.680302,0.646445
287.667,0.660634,0.642048
287.867,0.682172,0.655372
288.067,0.66721,0.654795
288.267,0.695807,0.657655
288.467,0.619849,0.65735
288.667,0.648265,0.668404
288.867,0.74902,0.675053
289.067,0.651644,0.660901
289.267,0.640724,0.648458
289.467,0.625339,0.639648
289.667,0.701357,0.619581
289.867,0.696652,0.594516
290.067,0.744555,0.586493
290.267,0.722413,0.573063
290.467,0.703952,0.578343
290.667,0.735324,0.585955
290.867,0.700573,0.593423
291.067,0.68537,0.605011
291.267,0.711192,0.602666
291.467,0.723439,0.58354
291.667,0.714087,0.596158
291.867,0.724706,0.604266
292.067,0.738522,0.599483
292.267,0.740935,0.598261
292.467,0.749261,0.595265
292.667,0.754329,0.604894
292.867,0.788235,0.615351
293.067,0.789382,0.623803
293.267,0.788658,0.632312
293.467,0.771765,0.62726
293.667,0.750468,0.609772
293.867,0.728024,0.591542
294.067,0.735626,0.580153
294.267,0.761508,0.590068
294.467,0.739065,0.593958
294.667,0.765973,0.599444
294.867,0.759638,0.59427
295.067,0.782504,0.608394
295.267,0.812308,0.631743
295.467,0.857134,0.640596
295.667,0.851765,0.644802
295.867,0.860573,0.650444
296.067,0.805732,0.645703
296.267,0.771101,0.639308
296.467,0.754992,0.631052
296.667,0.760784,0.630303
296.867,0.754811,0.615644
297.067,0.727964,0.598968
297.267,0.723741,0.597582
297.467,0.712036,0.585635
297.667,0.717707,0.579369
297.867,0.729894,0.574886
298.067,0.711493,0.577687
298.267,0.693816,0.575108
298.467,0.687722,0.575276
298.667,0.702081,0.571643
298.867,0.710045,0.56073
299.067,0.698039,0.540573
299.267,0.671855,0.553683
299.467,0.691222,0.539484
299.667,0.679216,0.541392
299.867,0.678914,0.530885
300.067,0.724103,0.531767
300.267,0.704615,0.528216
300.467,0.753062,0.539984
300.667,0.764344,0.539496
300.867,0.768989,0.551728
301.067,0.760845,0.568494
301.267,0.738643,0.569259
301.467,0.71819,0.567765
301.667,0.726878,0.553547
301.867,0.739729,0.552559
302.067,0.739487,0.56055
302.267,0.704314,0.546675
302.467,0.730739,0.536925
302.667,0.746365,0.537268
302.867,0.768989,0.546395
303.067,0.762232,0.557124
303.267,0.744314,0.560203
303.467,0.788296,0.575038
303.667,0.794449,0.587566
303.867,0.804585,0.610216
304.067,0.84911,0.625984
304.267,0.820995,0.634552
304.467,0.832821,0.637178
304.667,0.824857,0.629932
304.867,0.828416,0.637182
305.067,0.823771,0.636491
305.267,0.814118,0.632578
305.467,0.788899,0.619815
305.667,0.800724,0.606003
305.867,0.79994,0.592132
306.067,0.819185,0.585674
306.267,0.779186,0.576341
306.467,0.767662,0.575865
306.667,0.764585,0.559645
306.867,0.772428,0.561779
307.067,0.748899,0.555412
307.267,0.716863,0.541907
307.467,0.711433,0.529527
307.667,0.710468,0.518438
307.867,0.684223,0.509269
308.067,0.674148,0.49692
308.267,0.681689,0.489701
308.467,0.648205,0.466072
308.667,0.621297,0.449025
308.867,0.602112,0.447175
309.067,0.631795,0.462903
309.267,0.679578,0.468366
309.467,0.667873,0.480243
309.667,0.712278,0.478764
309.867,0.747572,0.484609
310.067,0.6981,0.485862
310.267,0.724706,0.500696
310.467,0.719095,0.494731
310.667,0.732489,0.501059
310.867,0.726154,0.503767
311.067,0.738944,0.49532
311.267,0.693635,0.489249
311.467,0.682051,0.469942
311.667,0.663288,0.464538
311.867,0.592217,0.442719
312.067,0.575385,0.432895
312.267,0.58003,0.408754
312.467,0.602655,0.416655
312.667,0.580453,0.412672
312.867,0.574299,0.419636
313.067,0.549925,0.423971
313.267,0.589261,0.435708
313.467,0.615143,0.446434
313.667,0.628115,0.446937
313.867,0.624857,0.452888
314.067,0.601146,0.452973
314.267,0.617677,0.465424
314.467,0.673122,0.48697
314.667,0.673243,0.496545
314.867,0.71644,0.514345
315.067,0.759879,0.541186
315.267,0.742383,0.551252
315.467,0.766998,0.55167
315.667,0.738039,0.541747
315.867,0.729955,0.53323
316.067,0.706667,0.524556
316.267,0.701116,0.503529
316.467,0.683198,0.508574
316.667,0.675294,0.506315
316.867,0.655566,0.485694
317.067,0.616048,0.461167
317.267,0.57816,0.434065
317.467,0.564103,0.411813
317.667,0.490679,0.374379
317.867,0.482474,0.347445
318.067,0.415988,0.3095
318.267,0.381478,0.269178
318.467,0.339427,0.23565
318.667,0.2727,0.196289
318.867,0.2254,0.165874
319.067,0.214842,0.140902
319.267,0.179668,0.107745
319.467,0.140754,0.0819186
319.667,0.104796,0.0582658
319.867,0.0483861,0.0292558
320.067,0.0284766,0.0163252
320.267,0,0.00588784
320.467,0,0.000944239
320.667,0,0.00836159
320.867,0,0.00759683
321.067,0,0.00375745
321.267,0,0.00972332
321.467,0,0.00599319
321.667,0,0.00737443
321.867,0,0.011007
322.067,0,0.00531427
322.267,0.0684766,0.0356899
322.467,0,0.0171056
322.667,0,0.00978965
322.867,0,0.0154434
323.067,0,0.0183424
323.267,0,0.00705058
323.467,0,0.0164461
323.667,0,0.00895857
323.867,0,0.0183346
324.067,0,0.0183854
324.267,0,0.0104842
324.467,0.0146003,0.0165944
324.667,0,0.00884541
324.867,0,0.0151195
325.067,0,0.0185141
325.267,0,0.00695303
325.467,0,0.0206874
325.667,0,0.00965699
325.867,0,0.0112294
326.067,0,0.0160794
326.267,0,0.00566934
326.467,0,0.0208045
326.667,0,0.0103515
326.867,0.0092911,0.0129228
327.067,0.0129713,0.0209215
327.267,0,0.0207459
327.467,0.0107994,0.0280384
327.667,0.0155656,0.0214366
327.867,0.0172549,0.0223691
328.067,0.0726395,0.037832
328.267,0.100573,0.0560964
328.467,0.137074,0.0769243
328.667,0.194389,0.100702
328.867,0.232097,0.127106
329.067,0.277345,0.153033
329.267,0.30733,0.174255
329.467,0.335023,0.180794
329.667,0.338039,0.190135
329.867,0.342443,0.198891
330.067,0.325008,0.194556
330.267,0.316802,0.193042
330.467,0.308899,0.19138
330.667,0.300875,0.178672
330.867,0.261056,0.164801
331.067,0.224314,0.143743
331.267,0.205068,0.121733
331.467,0.190226,0.118194
331.667,0.213394,0.124343
331.867,0.262624,0.151804
332.067,0.2873,0.166592
332.267,0.298039,0.175426
332.467,0.2873,0.174396
332.667,0.293092,0.178648
332.867,0.286094,0.188688
333.067,0.307029,0.194256
333.267,0.276983,0.205388
333.467,0.261297,0.200557
333.667,0.26721,0.193265
333.867,0.249532,0.183475
334.067,0.241569,0.172409
334.267,0.188235,0.148074
334.467,0.188416,0.119996
334.667,0.157587,0.0940103
334.867,0.136833,0.075149
335.067,0.122051,0.0632016
335.267,0.115354,0.0551248
335.467,0.0841026,0.0444729
335.667,0.0836802,0.0366536
335.867,0.0829563,0.0397517
336.067,0.0689593,0.0417455
336.267,0.100271,0.0443831
336.467,0.108235,0.0501539
336.667,0.13635,0.0734595
336.867,0.170739,0.09124
337.067,0.168145,0.105528
337.267,0.194751,0.120543
337.467,0.146908,0.131714
337.667,0.204465,0.140497
337.867,0.20905,0.154258
338.067,0.22371,0.182414
338.267,0.216229,0.206679
338.467,0.203258,0.238783
338.667,0.208265,0.249217
338.867,0.219065,0.251312
339.067,0.237647,0.24599
339.267,0.278492,0.248311
339.467,0.277828,0.25935
339.667,0.276621,0.25061
339.867,0.264676,0.234206
340.067,0.242956,0.231346
340.267,0.229321,0.209886
340.467,0.198793,0.183682
340.667,0.167421,0.151882
340.867,0.140513,0.132549
341.067,0.152338,0.117445
341.267,0.144555,0.0903465
341.467,0.109563,0.0651408
341.667,0.0769231,0.0396463
341.867,0.0494721,0.0248585
342.067,0.0222624,0.00728079
342.267,0.00730015,0.00220062
342.467,0,0.000944239
342.667,0.00730015,0.00234499
342.867,0,0
343.067,0,0
343.267,0,0
343.467,0,0
343.667,0,0
343.867,0,0
344.067,0,0
344.267,0,0
344.467,0,0
344.667,0,0
344.867,0,0
345.067,0,0
345.267,0,0.00103008
345.467,0,0.00210698
345.667,0,0
345.867,0,0
346.067,0,0
346.267,0,0
346.467,0,0
346.667,0,0
346.867,0,0
347.067,0,0
347.267,0,0
347.467,0,0
347.667,0,0
347.867,0,0
348.067,0,0
348.267,0,0
348.467,0,0.000901319
348.667,0,0
348.867,0,0.00103008
349.067,0,0
349.267,0,0
349.467,0,0
349.667,0,0
349.867,0,0
350.067,0,0
350.267,0,0
350.467,0,0
350.667,0,0.00424127
350.867,0.0554449,0.0274688
351.067,0.0894118,0.0500057
351.267,0.120664,0.0704746
351.467,0.14365,0.0842948
351.667,0.163861,0.0907757
351.867,0.169774,0.0909864
352.067,0.173695,0.0941313
352.267,0.175023,0.0944824
352.467,0.173635,0.0931129
352.667,0.171282,0.0933236
352.867,0.1819,0.108049
353.067,0.260935,0.134753
353.267,0.263228,0.161699
353.467,0.271614,0.18207
353.667,0.243379,0.193694
353.867,0.242293,0.191556
354.067,0.252368,0.183104
354.267,0.162655,0.181138
354.467,0.169291,0.171434
354.667,0.1346,0.153298
354.867,0.143529,0.134254
355.067,0.150769,0.13743
355.267,0.143167,0.105419
355.467,0.152519,0.102871
355.667,0.144555,0.105064
355.867,0.193122,0.111896
356.067,0.200181,0.122915
356.267,0.15463,0.13645
356.467,0.15638,0.137063
356.667,0.133092,0.138483
356.867,0.135083,0.14036
357.067,0.160664,0.148605
357.267,0.197104,0.167497
357.467,0.222262,0.179874
357.667,0.235716,0.190373
357.867,0.258703,0.202184
358.067,0.239397,0.200066
358.267,0.241207,0.203811
358.467,0.201448,0.200151
358.667,0.212609,0.197405
358.867,0.187391,0.196819
359.067,0.131282,0.196757
359.267,0.148235,0.192781
359.467,0.168688,0.208482
359.667,0.155837,0.218747
359.867,0.158673,0.210983
360.067,0.114329,0.205985
360.267,0.141116,0.192718
360.467,0.143891,0.188551
360.667,0.135324,0.160119
360.867,0.130679,0.150829
361.067,0.13816,0.152268
361.267,0.1454,0.135771
361.467,0.16543,0.149861
361.667,0.188054,0.159604
361.867,0.202956,0.16875
362.067,0.224676,0.16443
362.267,0.230045,0.181559
362.467,0.217617,0.185761
362.667,0.224977,0.196753
362.867,0.240845,0.206219
363.067,0.244223,0.221092
363.267,0.226908,0.226145
363.467,0.198612,0.220772
363.667,0.192941,0.215841
363.867,0.199819,0.206823
364.067,0.148778,0.196312
364.267,0.133997,0.181867
364.467,0.109382,0.172074
364.667,0.0970136,0.157372
364.867,0.0682353,0.149178
365.067,0.0553243,0.126907
365.267,0.0349925,0.115997
365.467,0.0700452,0.109789
365.667,0.0725792,0.116118
365.867,0.0970136,0.11224
366.067,0.0893514,0.108396
366.267,0.0693213,0.103562
366.467,0.0620211,0.106063
366.667,0.0433182,0.095454
366.867,0.0371644,0.0767682
367.067,0.0337858,0.0588589
367.267,0.0311916,0.0407974
367.467,0.0259427,0.0342228
367.667,0.0215385,0.0375667
367.867,0.0202715,0.0296382
368.067,0.0184012,0.0415231
368.267,0.0200302,0.0377032
368.467,0.0511011,0.0459946
368.667,0.054178,0.041609
368.867,0.0429563,0.0393732
369.067,0.0526697,0.0458853
369.267,0.0617195,0.044945
369.467,0.0722172,0.0536031
369.667,0.0906184,0.054801
369.867,0.100211,0.0612117
370.067,0.121629,0.0682037
370.267,0.108235,0.0703107
370.467,0.122353,0.0698542
370.667,0.127903,0.0727884
370.867,0.0933333,0.0694601
371.067,0.0924284,0.0759254
371.267,0.0821116,0.079281
371.467,0.0310709,0.0907796
371.667,0.0756561,0.0940142
371.867,0.0708296,0.0952316
372.067,0.0621418,0.100398
372.267,0.0922474,0.102969
372.467,0.0821719,0.107468
372.667,0.0734842,0.103039
372.867,0.0817496,0.095095
373.067,0.067813,0.090366
373.267,0.0596078,0.0794214
373.467,0.0623228,0.0823712
373.667,0,0.0661553
373.867,0.00730015,0.0480196
374.067,0,0.0499393
374.267,0.0208748,0.0472432
374.467,0.0319759,0.0534783
374.667,0.0398793,0.052218
374.867,0.0371041,0.0420928
375.067,0.053092,0.0493658
375.267,0.0369231,0.0360606
375.467,0.0552036,0.0236567
375.667,0.0356561,0.0289281
375.867,0.0353545,0.0364937
376.067,0,0.0306722
376.267,0.0304072,0.0319715
376.467,0,0.0325723
376.667,0,0.0335673
376.867,0,0.0323148
377.067,0,0.0310741
377.267,0,0.0304849
377.467,0,0.0247297
377.667,0,0.0244371
377.867,0,0.0198446
378.067,0,0.0140387
378.267,0,0.0180147
378.467,0.0185822,0.0169768
378.667,0,0.0239103
378.867,0,0.024995
379.067,0,0.0289007
379.267,0.0469382,0.0324826
379.467,0.0139367,0.0259393
379.667,0,0.0267118
379.867,0,0.013313
380.067,0.0139367,0.0132701
380.267,0,0.0144211
380.467,0,0.00506846
380.667,0,0.0107066
380.867,0,0.00796751
381.067,0,0.00657846
381.267,0,0
381.467,0,0.0017207
381.667,0,0
381.867,0,0.00328143
382.067,0,0.00582151
382.267,0,0.00476412
382.467,0,0.0017207
