Time (in s),Queue Density,Dynamic Density
0.266667,0.113531,0.0933275
0.466667,0.113586,0.0894647
0.666667,0.125771,0.0854302
0.866667,0.139314,0.0842207
1.06667,0.142295,0.0852429
1.26667,0.148347,0.0700883
1.46667,0.148733,0.0613677
1.66667,0.150314,0.0622925
1.86667,0.15132,0.064575
2.06667,0.1634,0.0695577
2.26667,0.167922,0.0749109
2.46667,0.173795,0.0788128
2.66667,0.180131,0.0826795
2.86667,0.182429,0.0806661
3.06667,0.184938,0.0795658
3.26667,0.18797,0.0832413
3.46667,0.190112,0.0781729
3.66667,0.190401,0.0791756
3.86667,0.195259,0.0862379
4.06667,0.202165,0.0922077
4.26667,0.201345,0.0936162
4.46667,0.205762,0.0733151
4.66667,0.200389,0.0642239
4.86667,0.203288,0.0587574
5.06667,0.200214,0.0659836
5.26667,0.211369,0.0647662
5.46667,0.21721,0.0648638
5.66667,0.221904,0.070022
5.86667,0.23716,0.0797453
6.06667,0.252732,0.098911
6.26667,0.266982,0.113648
6.46667,0.268066,0.123465
6.66667,0.282144,0.10776
6.86667,0.287486,0.109723
7.06667,0.281582,0.110488
7.26667,0.277302,0.111756
7.46667,0.278945,0.114979
7.66667,0.28898,0.114877
7.86667,0.295699,0.121116
8.06667,0.305134,0.133052
8.26667,0.308805,0.142947
8.46667,0.307962,0.151664
8.66667,0.31449,0.162187
8.86667,0.319598,0.162561
9.06667,0.321541,0.146236
9.26667,0.330893,0.1445
9.46667,0.337054,0.141355
9.66667,0.336719,0.123805
9.86667,0.338213,0.111537
10.0667,0.332247,0.100273
10.2667,0.328342,0.0850557
10.4667,0.323269,0.0890706
10.6667,0.319449,0.0776929
10.8667,0.314697,0.0855083
11.0667,0.311696,0.0724801
11.2667,0.309437,0.0647194
11.4667,0.307284,0.0776266
11.6667,0.303717,0.0682076
11.8667,0.29957,0.0707477
12.0667,0.29923,0.0521282
12.2667,0.296136,0.0441334
12.4667,0.293904,0.0430721
12.6667,0.295761,0.0222286
12.8667,0.294294,0.0257208
13.0667,0.291204,0.0158492
13.2667,0.290853,0.0151312
13.4667,0.28781,0.0168051
13.6667,0.288582,0.0103281
13.8667,0.287919,0.00901709
14.0667,0.287642,0.00566543
14.2667,0.288582,0.0157516
14.4667,0.285539,0.0102071
14.6667,0.291602,0.00829136
14.8667,0.291134,0.0109563
15.0667,0.290295,0.00701936
15.2667,0.291235,0.00745247
15.4667,0.291071,0.0131023
15.6667,0.29374,0.0199812
15.8667,0.290771,0.0232431
16.0667,0.289803,0.0245541
16.2667,0.291676,0.0182488
16.4667,0.288949,0.0160911
16.6667,0.289796,0.0155214
16.8667,0.288176,0.00829916
17.0667,0.292457,0.00854107
17.2667,0.293811,0.00857229
17.4667,0.293054,0.00674234
17.6667,0.29216,0.00557179
17.8667,0.289917,0.00797531
18.0667,0.289062,0.0092551
18.2667,0.287685,0.00828355
18.4667,0.285964,0.0137227
18.6667,0.281801,0.00916536
18.8667,0.290295,0.0195676
19.0667,0.297283,0.0288266
19.2667,0.303487,0.038308
19.4667,0.308403,0.0392952
19.6667,0.31229,0.0371492
19.8667,0.302859,0.0436691
20.0667,0.29486,0.029646
20.2667,0.286881,0.0231065
20.4667,0.284871,0.017527
20.6667,0.286908,0.0217331
20.8667,0.294634,0.0295406
21.0667,0.298364,0.0189082
21.2667,0.2947,0.0154356
21.4667,0.288161,0.0138085
21.6667,0.288563,0.0135393
21.8667,0.28946,0.00592295
22.0667,0.289398,0.00749148
22.2667,0.289,0.00507626
22.4667,0.288122,0.00626631
22.6667,0.288551,0.00759293
22.8667,0.288262,0.0138944
23.0667,0.289097,0.0175348
23.2667,0.294091,0.0174879
23.4667,0.295933,0.0263255
23.6667,0.297123,0.0221584
23.8667,0.299515,0.0244878
24.0667,0.300927,0.0218189
24.2667,0.300857,0.0217487
24.4667,0.300409,0.0226773
24.6667,0.303347,0.0228724
24.8667,0.303862,0.023247
25.0667,0.303639,0.0250887
25.2667,0.300592,0.0250887
25.4667,0.299312,0.0264465
25.6667,0.299191,0.0231924
25.8667,0.303097,0.0270942
26.0667,0.310545,0.036002
26.2667,0.316203,0.0508914
26.4667,0.323043,0.0487532
26.6667,0.32492,0.0502632
26.8667,0.325224,0.0519058
27.0667,0.328884,0.05031
27.2667,0.338159,0.0626788
27.4667,0.354566,0.0846108
27.6667,0.370626,0.0909201
27.8667,0.382897,0.10739
28.0667,0.394926,0.112961
28.2667,0.407876,0.12279
28.4667,0.420729,0.135096
28.6667,0.435989,0.136029
28.8667,0.451701,0.148515
29.0667,0.461436,0.147227
29.2667,0.466282,0.151905
29.4667,0.47272,0.156006
29.6667,0.472459,0.162245
29.8667,0.490727,0.152955
30.0667,0.489073,0.156002
30.2667,0.495722,0.156291
30.4667,0.498945,0.152276
30.6667,0.497579,0.140454
30.8667,0.500736,0.128974
31.0667,0.503439,0.106828
31.2667,0.50095,0.088458
31.4667,0.509195,0.0792381
31.6667,0.512983,0.0624446
31.8667,0.512675,0.0538919
32.0667,0.513178,0.0479884
32.2667,0.517638,0.035885
32.4667,0.515192,0.0191891
32.6667,0.515855,0.00422176
32.8667,0.516226,0.00599709
33.0667,0.519144,0.00565373
33.2667,0.521747,0.00229037
33.4667,0.516425,0
33.6667,0.523659,0.0066565
33.8667,0.532434,0.0169222
34.0667,0.543804,0.0292207
34.2667,0.553277,0.039104
34.4667,0.562603,0.0514181
34.6667,0.591234,0.0612351
34.8667,0.591562,0.0678369
35.0667,0.596104,0.072168
35.2667,0.596747,0.0731551
35.4667,0.599092,0.0826131
35.6667,0.59722,0.0843143
35.8667,0.598667,0.0949546
36.0667,0.59491,0.090647
36.2667,0.59576,0.0930037
36.4667,0.591827,0.101174
36.6667,0.591714,0.0985169
36.8667,0.590719,0.0968587
37.0667,0.586474,0.0792888
37.2667,0.584812,0.0733541
37.4667,0.584585,0.0774549
37.6667,0.58466,0.0653047
37.8667,0.581928,0.0619959
38.0667,0.577781,0.0549688
38.2667,0.575865,0.0306253
38.4667,0.577441,0.0148386
38.6667,0.581402,0.0238089
38.8667,0.587551,0.0276327
39.0667,0.594145,0.0372116
39.2667,0.597742,0.0323148
39.4667,0.602659,0.0341916
39.6667,0.612917,0.0466969
39.8667,0.616257,0.039143
40.0667,0.620876,0.0413046
40.2667,0.627123,0.0453079
40.4667,0.637244,0.0395137
40.6667,0.645903,0.0555579
40.8667,0.658131,0.0622691
41.0667,0.662076,0.066007
41.2667,0.666477,0.0722577
41.4667,0.678857,0.0763078
41.6667,0.680157,0.0642395
41.8667,0.68304,0.0594559
42.0667,0.688713,0.056272
42.2667,0.690844,0.0593349
42.4667,0.691569,0.0563344
42.6667,0.690504,0.0436418
42.8667,0.690547,0.0384992
43.0667,0.691679,0.0366849
43.2667,0.694156,0.0357016
43.4667,0.698062,0.0388933
43.6667,0.698792,0.0384563
43.8667,0.69535,0.0413241
44.0667,0.697375,0.0432009
44.2667,0.70187,0.0459595
44.4667,0.70555,0.0487142
44.6667,0.709221,0.0573957
44.8667,0.712943,0.0559013
45.0667,0.713782,0.0540245
45.2667,0.713236,0.0595183
45.4667,0.710122,0.0604625
45.6667,0.709884,0.0600294
45.8667,0.708492,0.0565685
46.0667,0.709221,0.0475631
46.2667,0.708117,0.0428497
46.4667,0.706396,0.0406335
46.6667,0.706818,0.0303483
46.8667,0.706868,0.026505
47.0667,0.707356,0.0245034
47.2667,0.706841,0.0198915
47.4667,0.708394,0.0158687
47.6667,0.710122,0.0135939
47.8667,0.71235,0.0167193
48.0667,0.715031,0.00927852
48.2667,0.714922,0.00583321
48.4667,0.711984,0.00658626
48.6667,0.712737,0.00440905
48.8667,0.715593,0.00612195
49.0667,0.71475,0.00267274
49.2667,0.716861,0.00693743
49.4667,0.715386,0.00917707
49.6667,0.713634,0.00493189
49.8667,0.717477,0.00921609
50.0667,0.711644,0.00525574
50.2667,0.715023,0.00250106
50.4667,0.711976,0.00487727
50.6667,0.713131,0.00206016
50.8667,0.716342,0.00632874
51.0667,0.714208,0.00335166
51.2667,0.71175,0.0017207
51.4667,0.711059,0.00250887
51.6667,0.713263,0
51.8667,0.711055,0
52.0667,0.716334,0.00457683
52.2667,0.718363,0.00897808
52.4667,0.714461,0.00379647
52.6667,0.712034,0
52.8667,0.709061,0
53.0667,0.704925,0
53.2667,0.706287,0.00220843
53.4667,0.709756,0.00879469
53.6667,0.711285,0.0101018
53.8667,0.71079,0.0208201
54.0667,0.712011,0.0190057
54.2667,0.715367,0.0127316
54.4667,0.717001,0.0124
54.6667,0.722046,0.0168246
54.8667,0.721258,0.0123219
55.0667,0.723143,0.011284
55.2667,0.724665,0.0148815
55.4667,0.724668,0.0150805
55.6667,0.721637,0.0125365
55.8667,0.719307,0.00196651
56.0667,0.720213,0.0114635
56.2667,0.722,0.00239571
56.4667,0.724559,0.00274688
56.6667,0.724181,0.00939947
56.8667,0.721711,0
57.0667,0.722113,0.006239
57.2667,0.720634,0.0120176
57.4667,0.720849,0.00671893
57.6667,0.72333,0.00417104
57.8667,0.722839,0.0132193
58.0667,0.718102,0.00826795
58.2667,0.71747,0
58.4667,0.71763,0.00755391
58.6667,0.719463,0.0221779
58.8667,0.721488,0.00442466
59.0667,0.72372,0.00415933
59.2667,0.72324,0.00926291
59.4667,0.723346,0.0108978
59.6667,0.719783,0.00808456
59.8667,0.719023,0.00691011
60.0667,0.719241,0.00419445
60.2667,0.718944,0.00180264
60.4667,0.719479,0
60.6667,0.721266,0.011526
60.8667,0.719401,0.0119513
61.0667,0.718215,0.0178118
61.2667,0.714091,0.0171719
61.4667,0.713665,0
61.6667,0.71427,0
61.8667,0.714247,0
62.0667,0.711777,0.00284832
62.2667,0.712815,0
62.4667,0.716088,0.0116547
62.6667,0.721098,0.0194857
62.8667,0.72104,0.0198095
63.0667,0.723471,0.0169807
63.2667,0.725726,0.00574737
63.4667,0.724048,0.00238791
63.6667,0.723779,0.00534549
63.8667,0.725581,0.0017207
64.0667,0.723908,0.00188458
64.2667,0.726635,0
64.4667,0.726288,0
64.6667,0.727482,0.0017207
64.8667,0.730556,0.0105037
65.0667,0.732125,0.0120761
65.2667,0.728773,0.0162433
65.4667,0.727868,0.0202543
65.6667,0.729632,0.022451
65.8667,0.726549,0.0120488
66.0667,0.725461,0.00772169
66.2667,0.72667,0.00369112
66.4667,0.726514,0.00484996
66.6667,0.725917,0.0108236
66.8667,0.727493,0.00480704
67.0667,0.725297,0.00712081
67.2667,0.726857,0
67.4667,0.722878,0.0302118
67.6667,0.722854,0.0156463
67.8667,0.721816,0.0158531
68.0667,0.720525,0.0136759
68.2667,0.720614,0.00393693
68.4667,0.719331,0.0148815
68.6667,0.718106,0.00784265
68.8667,0.717657,0.0139022
69.0667,0.71276,0.0136446
69.2667,0.713349,0.0017207
69.4667,0.715487,0.0178508
69.6667,0.716268,0.0145382
69.8667,0.714465,0.00698815
70.0667,0.713299,0.0172148
70.2667,0.712924,0.00763585
70.4667,0.712467,0.0171797
70.6667,0.712346,0.0121581
70.8667,0.713404,0.0103827
71.0667,0.712881,0.00923169
71.2667,0.711906,0.00883371
71.4667,0.712858,0.0107534
71.6667,0.713501,0.0114986
71.8667,0.712577,0.00828355
72.0667,0.709248,0.0107066
72.2667,0.710462,0.0122166
72.4667,0.710719,0.0152366
72.6667,0.711527,0.0112879
72.8667,0.71477,0.010371
73.0667,0.717013,0.0104139
73.2667,0.718063,0.0133442
73.4667,0.717704,0.0136212
73.6667,0.717368,0.00604001
73.8667,0.718281,0.0049436
74.0667,0.718617,0.00765536
74.2667,0.716908,0.00762805
74.4667,0.71612,0.0060127
74.6667,0.714145,0.0128253
74.8667,0.714641,0.0117835
75.0667,0.71642,0.0196144
75.2667,0.718355,0.0255257
75.4667,0.714598,0.031593
75.6667,0.714941,0.0316203
75.8667,0.718652,0.0325958
76.0667,0.715058,0.020941
76.2667,0.716182,0.0260368
76.4667,0.716635,0.0247765
76.6667,0.715905,0.0222325
76.8667,0.712897,0.0255842
77.0667,0.712292,0.0228022
77.2667,0.714005,0.0286276
77.4667,0.71411,0.0234772
77.6667,0.713802,0.0323343
77.8667,0.709627,0.0315462
78.0667,0.708733,0.0258417
78.2667,0.707746,0.016532
78.4667,0.709377,0.0146396
78.6667,0.710197,0.0189043
78.8667,0.710466,0.0157633
79.0667,0.712748,0.0184868
79.2667,0.712421,0.0155682
79.4667,0.712066,0.0130165
79.6667,0.710985,0.0131101
79.8667,0.712643,0.00866203
80.0667,0.713693,0.00845523
80.2667,0.714949,0.0112333
80.4667,0.714309,0.00293807
80.6667,0.714945,0.00470949
80.8667,0.71962,0
81.0667,0.71953,0.00169339
81.2667,0.72143,0
81.4667,0.717212,0.0017207
81.6667,0.718098,0.00305122
81.8667,0.72063,0.0110968
82.0667,0.724879,0.0229856
82.2667,0.72374,0.0280619
82.4667,0.720103,0.0259432
82.6667,0.722956,0.018159
82.8667,0.721937,0.0251238
83.0667,0.72445,0.0212727
83.2667,0.724473,0.0239884
83.4667,0.727033,0.0208864
83.6667,0.72523,0.0160443
83.8667,0.725991,0.0130047
84.0667,0.725948,0.0116664
84.2667,0.724321,0.00506065
84.4667,0.725581,0.00874397
84.6667,0.730244,0.0086113
84.8667,0.729128,0.00701156
85.0667,0.731032,0.00778022
85.2667,0.73111,0.0219789
85.4667,0.72859,0.0208747
85.6667,0.727813,0.0142806
85.8667,0.72596,0.0255686
86.0667,0.725644,0.0134691
86.2667,0.727509,0.0115221
86.4667,0.724793,0.0243668
86.6667,0.724746,0.028097
86.8667,0.725016,0.0272425
87.0667,0.724637,0.0176206
87.2667,0.724302,0.0119591
87.4667,0.726319,0.0175231
87.6667,0.722195,0.0173904
87.8667,0.720724,0.0132974
88.0667,0.720053,0.00557569
88.2667,0.720493,0.00262592
88.4667,0.722245,0.00395644
88.6667,0.721145,0.00418275
88.8667,0.723525,0.00583321
89.0667,0.723471,0.00919268
89.2667,0.718605,0.00938777
89.4667,0.720025,0.0159935
89.6667,0.718913,0.0153653
89.8667,0.716978,0.0235279
90.0667,0.721231,0.0260368
90.2667,0.722522,0.0297318
90.4667,0.72461,0.0340121
90.6667,0.725472,0.0370985
90.8667,0.731251,0.0361269
91.0667,0.732031,0.0359318
91.2667,0.732445,0.0325528
91.4667,0.733307,0.0370594
91.6667,0.734361,0.0287759
91.8667,0.734216,0.0249326
92.0667,0.732613,0.0245268
92.2667,0.733256,0.0228919
92.4667,0.735738,0.0201529
92.6667,0.736413,0.0220062
92.8667,0.734119,0.0198524
93.0667,0.731298,0.0186624
93.2667,0.728129,0.0169924
93.4667,0.723599,0.0158023
93.6667,0.724466,0.0128331
93.8667,0.722577,0.0100043
94.0667,0.722308,0.0167193
94.2667,0.723022,0.0206991
94.4667,0.727345,0.0250262
94.6667,0.725519,0.0357133
94.8667,0.729468,0.0385226
95.0667,0.736257,0.052815
95.2667,0.742898,0.0903543
95.4667,0.748786,0.110187
95.6667,0.754861,0.132256
95.8667,0.759551,0.147379
96.0667,0.767904,0.168761
96.2667,0.778525,0.19575
96.4667,0.785349,0.216402
96.6667,0.800937,0.241269
96.8667,0.808132,0.251534
97.0667,0.817079,0.262159
97.2667,0.828246,0.277388
97.4667,0.838036,0.27859
97.6667,0.844497,0.296811
97.8667,0.847135,0.328974
98.0667,0.845219,0.376002
98.2667,0.853897,0.390388
98.4667,0.851337,0.401879
98.6667,0.853483,0.40106
98.8667,0.865165,0.412769
99.0667,0.861056,0.439196
99.2667,0.862699,0.425793
99.4667,0.861185,0.448939
99.6667,0.870905,0.477941
99.8667,0.864506,0.47972
100.067,0.849105,0.487184
100.267,0.836362,0.509959
100.467,0.838441,0.507006
100.667,0.835258,0.506534
100.867,0.845117,0.510346
101.067,0.814636,0.512987
101.267,0.799618,0.51573
101.467,0.772341,0.522515
101.667,0.767588,0.516499
101.867,0.762313,0.51335
102.067,0.763534,0.510275
102.267,0.755044,0.515605
102.467,0.762056,0.514532
102.667,0.767307,0.51321
102.867,0.76078,0.518102
103.067,0.759695,0.52497
103.267,0.747338,0.526257
103.467,0.718125,0.532929
103.667,0.719038,0.541927
103.867,0.715452,0.553172
104.067,0.715136,0.54943
104.267,0.712904,0.561026
104.467,0.72056,0.571085
104.667,0.724395,0.579049
104.867,0.713954,0.584305
105.067,0.714922,0.580477
105.267,0.719658,0.598101
105.467,0.720895,0.606061
105.667,0.736869,0.620545
105.867,0.747697,0.628368
106.067,0.751845,0.633116
106.267,0.757947,0.643581
106.467,0.761182,0.657374
106.667,0.765836,0.666906
106.867,0.760007,0.682646
107.067,0.757967,0.693239
107.267,0.761665,0.697922
107.467,0.759285,0.704539
107.667,0.750444,0.70555
107.867,0.745403,0.70338
108.067,0.736678,0.689501
108.267,0.721247,0.671237
108.467,0.703708,0.660823
108.667,0.691327,0.64211
108.867,0.695658,0.630393
109.067,0.674749,0.618176
109.267,0.678405,0.62399
109.467,0.677624,0.62765
109.667,0.677722,0.63028
109.867,0.668958,0.617458
110.067,0.658743,0.616448
110.267,0.666133,0.613533
110.467,0.672052,0.599502
110.667,0.680313,0.593872
110.867,0.691881,0.60795
111.067,0.688592,0.60308
111.267,0.68787,0.600466
111.467,0.679415,0.598172
111.667,0.680812,0.619304
111.867,0.701172,0.626304
112.067,0.712904,0.626624
112.267,0.717989,0.625235
112.467,0.717099,0.611738
112.667,0.728902,0.606631
112.867,0.739304,0.595241
113.067,0.735785,0.582365
113.267,0.735972,0.573555
113.467,0.736592,0.568822
113.667,0.734786,0.564085
113.867,0.724493,0.545977
114.067,0.726491,0.535512
114.267,0.716892,0.550039
114.467,0.703645,0.547561
114.667,0.674647,0.548794
114.867,0.659071,0.548486
115.067,0.64975,0.541158
115.267,0.642539,0.520881
115.467,0.630092,0.526132
115.667,0.617751,0.508637
115.867,0.58654,0.51948
116.067,0.569173,0.514634
116.267,0.560644,0.523382
116.467,0.551112,0.522929
116.667,0.529332,0.529332
116.867,0.511809,0.511809
117.067,0.497001,0.497001
117.267,0.488769,0.488769
117.467,0.48189,0.48189
117.667,0.477407,0.477407
117.867,0.464527,0.464527
118.067,0.462291,0.462291
118.267,0.466107,0.466107
118.467,0.463032,0.463032
118.667,0.47185,0.47185
118.867,0.467004,0.467004
119.067,0.457702,0.457702
119.267,0.438104,0.438104
119.467,0.427701,0.427701
119.667,0.415329,0.415329
119.867,0.396467,0.396467
120.067,0.396912,0.396912
120.267,0.417802,0.417802
120.467,0.44064,0.44064
120.667,0.460812,0.460812
120.867,0.451729,0.451729
121.067,0.448564,0.448564
121.267,0.44405,0.44405
121.467,0.432153,0.432153
121.667,0.42941,0.42941
121.867,0.426648,0.426648
122.067,0.425501,0.425501
122.267,0.438131,0.438131
122.467,0.430643,0.430643
122.667,0.416097,0.416097
122.867,0.406265,0.406265
123.067,0.379955,0.379955
123.267,0.347921,0.347921
123.467,0.316921,0.316921
123.667,0.293994,0.293994
123.867,0.27978,0.27978
124.067,0.273342,0.273342
124.267,0.279635,0.279635
124.467,0.267805,0.267805
124.667,0.263369,0.263369
124.867,0.265202,0.265202
125.067,0.279362,0.279362
125.267,0.311778,0.311778
125.467,0.341698,0.341698
125.667,0.370598,0.370598
125.867,0.400974,0.400974
126.067,0.42213,0.42213
126.267,0.44469,0.44469
126.467,0.436636,0.436636
126.667,0.460164,0.460164
126.867,0.493849,0.493849
127.067,0.525227,0.525227
127.267,0.524697,0.524697
127.467,0.525333,0.525333
127.667,0.511532,0.511532
127.867,0.479236,0.479236
128.067,0.464016,0.464016
128.267,0.44247,0.44247
128.467,0.414903,0.414903
128.667,0.409066,0.409066
128.867,0.39852,0.39852
129.067,0.372498,0.372498
129.267,0.347125,0.347125
129.467,0.332247,0.332247
129.667,0.306589,0.306589
129.867,0.289468,0.289468
130.067,0.249732,0.249732
130.267,0.21556,0.21556
130.467,0.179628,0.179628
130.667,0.160739,0.160739
130.867,0.143392,0.143392
131.067,0.119817,0.119755
131.267,0.101572,0.097323
131.467,0.0780285,0.0747783
131.667,0.0602557,0.0448748
131.867,0.0491121,0.0386202
132.067,0.0445938,0.0201295
132.267,0.0434506,0.0114674
132.467,0.0503451,0.0154161
132.667,0.0467515,0.0153614
132.867,0.047848,0.00685939
133.067,0.0428029,0.0120215
133.267,0.0498652,0.0165008
133.467,0.0464901,0.0218189
133.667,0.0905728,0.0666937
133.867,0.131897,0.0975064
134.067,0.191259,0.127301
134.267,0.22613,0.172882
134.467,0.266322,0.214323
134.667,0.296593,0.237094
134.867,0.317627,0.272682
135.067,0.362182,0.338623
135.267,0.397068,0.386732
135.467,0.399413,0.38466
135.667,0.384149,0.373688
135.867,0.365506,0.365506
136.067,0.36347,0.338455
136.267,0.327335,0.325891
136.467,0.308099,0.308099
136.667,0.302699,0.302699
136.867,0.296873,0.296873
137.067,0.265616,0.265616
137.267,0.23334,0.23334
137.467,0.197272,0.197272
137.667,0.163346,0.163346
137.867,0.13821,0.13821
138.067,0.116949,0.116949
138.267,0.101186,0.0965738
138.467,0.0864993,0.0661982
138.667,0.0711808,0.0502242
138.867,0.0518785,0.0380193
139.067,0.0526784,0.023844
139.267,0.05317,0.02313
139.467,0.0503412,0.0192438
139.667,0.0533339,0.0126302
139.867,0.050626,0.0180381
140.067,0.0563344,0.027898
140.267,0.0762298,0.0438018
140.467,0.098911,0.0592803
140.667,0.130133,0.069503
140.867,0.163744,0.0851181
141.067,0.194447,0.0880952
141.267,0.229715,0.0974712
141.467,0.264141,0.0967962
141.667,0.295976,0.118057
141.867,0.33828,0.155284
142.067,0.370973,0.181946
142.267,0.390778,0.213585
142.467,0.401598,0.265105
142.667,0.394895,0.239088
142.867,0.395683,0.248709
143.067,0.385452,0.2626
143.267,0.375807,0.268414
143.467,0.364277,0.286873
143.667,0.347901,0.28653
143.867,0.35441,0.306429
144.067,0.361659,0.323375
144.267,0.361952,0.339161
144.467,0.346356,0.331849
144.667,0.333781,0.31671
144.867,0.316582,0.295832
145.067,0.292246,0.292246
145.267,0.258043,0.258043
145.467,0.229333,0.229333
145.667,0.201845,0.201845
145.867,0.170939,0.163615
146.067,0.144734,0.144734
146.267,0.124105,0.124105
146.467,0.10362,0.10362
146.667,0.0863862,0.0863862
146.867,0.066522,0.0647116
147.067,0.0630104,0.0540635
147.267,0.0583829,0.0538802
147.467,0.0503334,0.0298138
147.667,0.0428029,0.022135
147.867,0.0347183,0.0180186
148.067,0.0401341,0.0176362
148.267,0.0411212,0.0178976
148.467,0.039264,0.0166529
148.667,0.0421396,0.0209879
148.867,0.0404735,0.0185141
149.067,0.0405164,0.0227788
149.267,0.0426663,0.0219048
149.467,0.0423659,0.0223847
149.667,0.0438213,0.0237347
149.867,0.0457371,0.025553
150.067,0.0455888,0.0245775
150.267,0.0530257,0.0273283
150.467,0.0495648,0.0271254
150.667,0.052534,0.0249599
150.867,0.0528735,0.0353856
151.067,0.0520892,0.0271059
151.267,0.0577859,0.0463223
151.467,0.0767058,0.0615316
151.667,0.108525,0.100663
151.867,0.124249,0.119134
152.067,0.149514,0.149514
152.267,0.159463,0.159463
152.467,0.160556,0.160556
152.667,0.168984,0.168984
152.867,0.166046,0.166046
153.067,0.166881,0.166881
153.267,0.181466,0.181466
153.467,0.18749,0.18749
153.667,0.206796,0.206796
153.867,0.220808,0.220808
154.067,0.208142,0.208142
154.267,0.194045,0.194045
154.467,0.194985,0.194985
154.667,0.195083,0.195083
154.867,0.180849,0.180849
155.067,0.16326,0.16326
155.267,0.155284,0.155284
155.467,0.143103,0.143103
155.667,0.121311,0.121311
155.867,0.113114,0.113114
156.067,0.101131,0.101131
156.267,0.0863316,0.0863316
156.467,0.0822347,0.0822347
156.667,0.0623393,0.0623393
156.867,0.058972,0.058972
157.067,0.0612312,0.0612312
157.267,0.0573801,0.0573801
157.467,0.0457293,0.0457293
157.667,0.0410081,0.0410081
157.867,0.0504973,0.0504973
158.067,0.0497208,0.0497208
158.267,0.0499042,0.0468725
158.467,0.0462248,0.0447616
158.667,0.0464394,0.0464394
158.867,0.0426117,0.0423932
159.067,0.0544459,0.0544459
159.267,0.0812982,0.0771311
159.467,0.107873,0.107873
159.667,0.13329,0.13329
159.867,0.134737,0.134737
160.067,0.134519,0.134519
160.267,0.136345,0.136345
160.467,0.139271,0.139271
160.667,0.146763,0.146763
160.867,0.147684,0.147684
161.067,0.131113,0.131113
161.267,0.11126,0.11126
161.467,0.0869051,0.0869051
161.667,0.0669825,0.0669825
161.867,0.0519058,0.0519058
162.067,0.0357406,0.0357406
162.267,0.0335907,0.0335907
162.467,0.0499666,0.0472354
162.667,0.0707711,0.0707711
162.867,0.0842207,0.0842207
163.067,0.0923364,0.0923364
163.267,0.0941508,0.0941508
163.467,0.0983804,0.0983804
163.667,0.102614,0.102614
163.867,0.106746,0.106746
164.067,0.118763,0.118763
164.267,0.111654,0.111654
164.467,0.0896559,0.0896559
164.667,0.0720704,0.0720704
164.867,0.056588,0.056588
165.067,0.0417611,0.0417611
165.267,0.0396776,0.0396776
165.467,0.0383782,0.0383782
165.667,0.0353465,0.0353465
165.867,0.0395176,0.0395176
166.067,0.0402238,0.0402238
166.267,0.0415621,0.0415621
166.467,0.0410354,0.0410354
166.667,0.0439617,0.0439617
166.867,0.0499432,0.0499432
167.067,0.0500798,0.0500798
167.267,0.0521439,0.0521439
167.467,0.0562603,0.0562603
167.667,0.0817235,0.0817235
167.867,0.1127,0.1127
168.067,0.143048,0.143048
168.267,0.147969,0.147969
168.467,0.150212,0.150212
168.667,0.158133,0.158133
168.867,0.162312,0.162312
169.067,0.170088,0.170088
169.267,0.175273,0.175273
169.467,0.178059,0.178059
169.667,0.189105,0.189105
169.867,0.196683,0.196683
170.067,0.185047,0.185047
170.267,0.164817,0.164817
170.467,0.137196,0.137196
170.667,0.112591,0.112591
170.867,0.0861911,0.0861911
171.067,0.0624563,0.0624563
171.267,0.0408286,0.0408286
171.467,0.0194115,0.0194115
171.667,0.00380817,0.00380817
171.867,0.00146318,0.00103008
172.067,0.00158804,0
172.267,0.00124468,0.00124468
172.467,0.00146318,0.00146318
172.667,0.00163096,0.00163096
172.867,0,0
173.067,0.00152171,0.00152171
173.267,0,0
173.467,0,0
173.667,0,0
173.867,0,0
174.067,0,0
174.267,0,0
174.467,0.00311365,0.00311365
174.667,0,0
174.867,0,0
175.067,0,0
175.267,0.0179171,0.0179171
175.467,0.0439305,0.0439305
175.667,0.0662684,0.0662684
175.867,0.0818796,0.0818796
176.067,0.100413,0.100413
176.267,0.136872,0.136872
176.467,0.18788,0.18788
176.667,0.240992,0.240992
176.867,0.278231,0.278231
177.067,0.309519,0.309519
177.267,0.329992,0.329992
177.467,0.346068,0.346068
177.667,0.343606,0.343606
177.867,0.334561,0.334561
178.067,0.317557,0.317557
178.267,0.312188,0.312188
178.467,0.304248,0.304248
178.667,0.288055,0.288055
178.867,0.272245,0.272245
179.067,0.266865,0.266865
179.267,0.241776,0.241776
179.467,0.217374,0.217374
179.667,0.190596,0.190596
179.867,0.17175,0.17175
180.067,0.153759,0.153759
180.267,0.132658,0.132658
180.467,0.109719,0.109719
180.667,0.0858126,0.0858126
180.867,0.0686758,0.0686758
181.067,0.0697215,0.0697215
181.267,0.0687071,0.0687071
181.467,0.0787386,0.0787386
181.667,0.0732527,0.0707282
181.867,0.0836549,0.0836549
182.067,0.0886765,0.0886765
182.267,0.105091,0.102715
182.467,0.121643,0.114518
182.667,0.132884,0.128779
182.867,0.141651,0.125268
183.067,0.142248,0.125217
183.267,0.144192,0.121741
183.467,0.145916,0.128764
183.667,0.149155,0.131304
183.867,0.153326,0.141932
184.067,0.156256,0.154633
184.267,0.161789,0.147059
184.467,0.164259,0.140227
184.667,0.16342,0.125119
184.867,0.167193,0.13551
185.067,0.159459,0.136329
185.267,0.170228,0.138159
185.467,0.184049,0.137558
185.667,0.187287,0.13844
185.867,0.193596,0.124019
186.067,0.190869,0.115236
186.267,0.188715,0.108295
186.467,0.192656,0.105134
186.667,0.201548,0.0902217
186.867,0.198782,0.0735336
187.067,0.204299,0.0664089
187.267,0.201833,0.043712
187.467,0.199028,0.0320495
187.667,0.200514,0.0311872
187.867,0.197592,0.0267274
188.067,0.199285,0.0168832
188.267,0.199391,0.0228529
188.467,0.199004,0.0171758
188.667,0.200908,0.0182839
188.867,0.204896,0.0200865
189.067,0.202387,0.0270123
189.267,0.204069,0.0234109
189.467,0.202087,0.0228256
189.667,0.206476,0.0285535
189.867,0.209551,0.0219906
190.067,0.211373,0.0237855
190.267,0.216297,0.033739
190.467,0.217862,0.0365834
190.667,0.217429,0.0331888
190.867,0.211751,0.0334776
191.067,0.209723,0.0293455
191.267,0.210218,0.0281516
191.467,0.20975,0.0284442
191.667,0.207912,0.024839
191.867,0.206687,0.0261929
192.067,0.20575,0.0241405
192.267,0.214951,0.0311638
192.467,0.221089,0.0463145
192.667,0.22938,0.0581331
192.867,0.230336,0.0664947
193.067,0.228264,0.0591749
193.267,0.22874,0.056947
193.467,0.229922,0.0545747
193.667,0.228412,0.0491785
193.867,0.23208,0.0542938
194.067,0.227757,0.0527057
194.267,0.22778,0.0473251
194.467,0.22897,0.0442583
194.667,0.228186,0.0464238
194.867,0.233055,0.0452923
195.067,0.230859,0.0416285
195.267,0.229005,0.0485425
195.467,0.237137,0.0535017
195.667,0.239251,0.0572747
195.867,0.236403,0.0529749
196.067,0.234585,0.042838
196.267,0.238288,0.0521165
196.467,0.256595,0.0574308
196.667,0.270805,0.0550507
196.867,0.282011,0.0708609
197.067,0.293569,0.0783562
197.267,0.312087,0.0752075
197.467,0.337573,0.0823868
197.667,0.354648,0.0780168
197.867,0.369674,0.0831594
198.067,0.383174,0.0828511
198.267,0.397162,0.0877245
198.467,0.404692,0.0904246
198.667,0.410385,0.0906431
198.867,0.421295,0.10023
199.067,0.440316,0.105724
199.267,0.445068,0.125849
199.467,0.457788,0.140547
199.667,0.466805,0.142018
199.867,0.482163,0.156073
200.067,0.498137,0.167458
200.267,0.512414,0.180845
200.467,0.533667,0.19385
200.667,0.54728,0.218264
200.867,0.564874,0.208037
201.067,0.586029,0.223496
201.267,0.594203,0.222454
201.467,0.612308,0.193678
201.667,0.624345,0.183042
201.867,0.639336,0.171785
202.067,0.646952,0.17555
202.267,0.650152,0.17589
202.467,0.661529,0.176725
202.667,0.653425,0.171614
202.867,0.655856,0.167692
203.067,0.663242,0.148421
203.267,0.667331,0.13599
203.467,0.663738,0.133395
203.667,0.668057,0.123926
203.867,0.668724,0.113742
204.067,0.667007,0.112899
204.267,0.676633,0.119333
204.467,0.682146,0.116227
204.667,0.686579,0.124722
204.867,0.692865,0.135159
205.067,0.699084,0.139186
205.267,0.709611,0.130937
205.467,0.714922,0.118026
205.667,0.718648,0.117331
205.867,0.718449,0.131858
206.067,0.730338,0.124218
206.267,0.736842,0.118404
206.467,0.742094,0.117312
206.667,0.739484,0.115525
206.867,0.742874,0.118065
207.067,0.745559,0.121729
207.267,0.742746,0.112817
207.467,0.732893,0.110554
207.667,0.73358,0.103094
207.867,0.731204,0.0983608
208.067,0.730291,0.0893438
208.267,0.732207,0.0780168
208.467,0.73063,0.0833506
208.667,0.732698,0.0693235
208.867,0.729409,0.0666118
209.067,0.726994,0.0410042
209.267,0.724571,0.0480938
209.467,0.731703,0.0347691
209.667,0.730974,0.0446953
209.867,0.732655,0.0359786
210.067,0.731099,0.016532
210.267,0.731996,0.0177884
210.467,0.733022,0.0218541
210.667,0.732917,0.0169807
210.867,0.733373,0.0229739
211.067,0.732882,0.0150688
211.267,0.734482,0.0102891
211.467,0.736136,0.011128
211.667,0.735457,0.0238596
211.867,0.733389,0.0307814
212.067,0.735593,0.0218658
212.267,0.735683,0.0289281
212.467,0.74074,0.0373209
212.667,0.73774,0.0314915
212.867,0.738262,0.0329586
213.067,0.739655,0.0277419
213.267,0.738418,0.0231651
213.467,0.740182,0.0126614
213.667,0.741844,0.0176089
213.867,0.743385,0.0175933
214.067,0.741282,0.0178469
214.267,0.744654,0.0109095
214.467,0.741392,0.00952823
214.667,0.740217,0.00966089
214.867,0.738941,0.00442856
215.067,0.739495,0.00578249
215.267,0.744798,0.012478
215.467,0.744486,0.0174801
215.667,0.744466,0.0184244
215.867,0.73921,0.0114557
216.067,0.740888,0.0167193
216.267,0.739335,0.0127277
216.467,0.739792,0.0144757
216.667,0.739671,0.0135276
216.867,0.736335,0.0167388
217.067,0.733182,0.0274298
217.267,0.732995,0.0208786
217.467,0.735317,0.0155175
217.667,0.735925,0.00625851
217.867,0.73662,0.0098989
218.067,0.739304,0.0129891
218.267,0.742781,0.0148971
218.467,0.744806,0.0171173
218.667,0.744423,0.00513869
218.867,0.743366,0.0137383
219.067,0.738695,0.014027
219.267,0.736428,0.0129423
219.467,0.735714,0.00620779
219.667,0.736331,0.01089
219.867,0.734973,0.00728859
220.067,0.734829,0.0121073
220.267,0.734696,0.0088142
220.467,0.733217,0.00801043
220.667,0.734442,0.0149791
220.867,0.7363,0.020426
221.067,0.73607,0.0224003
221.267,0.733444,0.0253618
221.467,0.730069,0.0322992
221.667,0.73008,0.0338287
221.867,0.727567,0.0341409
222.067,0.726635,0.0359162
222.267,0.724852,0.0350188
222.467,0.72262,0.0359669
222.667,0.721055,0.0499159
222.867,0.723155,0.040337
223.067,0.722288,0.0399897
223.267,0.721824,0.0349486
223.467,0.720704,0.0335205
223.667,0.719276,0.0401068
223.867,0.723279,0.0433531
224.067,0.720337,0.0426663
224.267,0.723201,0.0411212
224.467,0.722152,0.0460063
224.667,0.719346,0.0327674
224.867,0.714247,0.0347496
225.067,0.709436,0.0245892
225.267,0.708983,0.0132701
225.467,0.708484,0.00771389
225.667,0.707231,0.0124351
225.867,0.712046,0.00811577
226.067,0.710115,0.00950872
226.267,0.70784,0.00754611
226.467,0.705421,0.00204455
226.667,0.710193,0.00603221
226.867,0.718905,0.0120956
227.067,0.727111,0.0134457
227.267,0.72509,0.0128097
227.467,0.72356,0.013871
227.667,0.722101,0.00606342
227.867,0.718952,0.0017207
228.067,0.719003,0
228.267,0.721235,0
228.467,0.720493,0
228.667,0.722897,0
228.867,0.721492,0
229.067,0.7199,0.00376915
229.267,0.72001,0
229.467,0.720973,0.00223964
229.667,0.723767,0.0030044
229.867,0.725074,0.00287954
230.067,0.726038,0.000944239
230.267,0.729511,0.00440515
230.467,0.72873,0.00399546
230.667,0.727119,0.00329313
230.867,0.730494,0.0106442
231.067,0.728839,0.00968821
231.267,0.724984,0.0127355
231.467,0.720704,0.015182
231.667,0.718238,0.0106676
231.867,0.71578,0.00308634
232.067,0.715417,0.00506456
232.267,0.712327,0.00605562
232.467,0.71667,0.00230597
232.667,0.716252,0.0034453
232.867,0.714223,0.00271956
233.067,0.715589,0.00134613
233.267,0.714157,0
233.467,0.714036,0.00277419
233.667,0.713693,0.00292636
233.867,0.712959,0.00293026
234.067,0.711621,0.00197432
234.267,0.711336,0
234.467,0.714395,0
234.667,0.717485,0
234.867,0.716209,0
235.067,0.711531,0
235.267,0.712237,0
235.467,0.712073,0
235.667,0.713568,0.00260641
235.867,0.714461,0.00282882
236.067,0.710821,0
236.267,0.712943,0.00273907
236.467,0.718851,0.00995743
236.667,0.715316,0.0104413
236.867,0.716112,0.00469388
237.067,0.717251,0.00823673
237.267,0.71649,0.0113972
237.467,0.719417,0.0106051
237.667,0.723693,0.00682037
237.867,0.724489,0.00352334
238.067,0.724992,0.00953994
238.267,0.72415,0
238.467,0.725621,0
238.667,0.724758,0.0017207
238.867,0.725663,0.00417494
239.067,0.72516,0.0017207
239.267,0.725429,0.00392913
239.467,0.726097,0.00734712
239.667,0.731918,0.0120371
239.867,0.729128,0.00604781
240.067,0.723513,0.0141363
240.267,0.719276,0.00489678
240.467,0.71935,0.00303561
240.667,0.722015,0.00776851
240.867,0.72699,0.0135354
241.067,0.730248,0.0136212
241.267,0.731992,0.0169573
241.467,0.738976,0.0255179
241.667,0.742184,0.0305434
241.867,0.73914,0.0283779
242.067,0.737119,0.0188536
242.267,0.740697,0.0169144
242.467,0.739878,0.0167466
242.667,0.741462,0.0165866
242.867,0.744092,0.0159077
243.067,0.738547,0.0159233
243.267,0.737248,0.0150376
243.467,0.73987,0.0117171
243.667,0.738961,0.0100238
243.867,0.733089,0.0077451
244.067,0.734041,0.00906392
244.267,0.732191,0.00798311
244.467,0.733194,0.0106402
244.667,0.735988,0.00917317
244.867,0.735141,0.019392
245.067,0.733518,0.0219438
245.267,0.729889,0.0213468
245.467,0.729237,0.0202426
245.667,0.729667,0.0176011
245.867,0.729472,0.00872446
246.067,0.727923,0.00521673
246.267,0.726202,0.00423347
246.467,0.720572,0.00712081
246.667,0.721083,0.0107768
246.867,0.720088,0.0232899
247.067,0.719592,0.0204494
247.267,0.716869,0.0314642
247.467,0.719534,0.0245346
247.667,0.720006,0.0240664
247.867,0.71905,0.0215536
248.067,0.717825,0.0253696
248.267,0.717407,0.0212025
248.467,0.718507,0.0212025
248.667,0.716276,0.0221272
248.867,0.717353,0.0212844
249.067,0.716904,0.0239025
249.267,0.72152,0.0216239
249.467,0.721024,0.018159
249.667,0.719093,0.0163954
249.867,0.715218,0.00842792
250.067,0.715218,0.00938777
250.267,0.71633,0.00453001
250.467,0.71569,0
250.667,0.716104,0
250.867,0.714543,0.00706228
251.067,0.714247,0.00802213
251.267,0.713966,0.0189667
251.467,0.715445,0.0232587
251.667,0.718605,0.0364195
251.867,0.71736,0.0265128
252.067,0.717356,0.0213195
252.267,0.716709,0.019751
252.467,0.718777,0.0119825
252.667,0.718305,0.00348042
252.867,0.718106,0.0017207
253.067,0.724118,0.0055835
253.267,0.723951,0.0138788
253.467,0.725156,0.015299
253.667,0.723116,0.01979
253.867,0.72294,0.0200436
254.067,0.72239,0.0189784
254.267,0.723381,0.0127355
254.467,0.723986,0.0116391
254.667,0.728402,0.00364039
254.867,0.729304,0
255.067,0.728999,0
255.267,0.728453,0
255.467,0.726697,0.0017207
255.667,0.726998,0
255.867,0.726701,0.0017207
256.067,0.726292,0.00317608
256.267,0.729179,0.00356626
256.467,0.729987,0.00260251
256.667,0.728246,0.00248546
256.867,0.732316,0.00372233
257.067,0.730974,0.00585662
257.267,0.731126,0.00929412
257.467,0.730927,0.00668771
257.667,0.731438,0.00941118
257.867,0.731126,0.0214366
258.067,0.736538,0.0199929
258.267,0.733736,0.0126536
258.467,0.732574,0.0124
258.667,0.73248,0.0194974
258.867,0.733291,0.0234343
259.067,0.733615,0.0242303
259.267,0.733174,0.0158414
259.467,0.733736,0.0179523
259.667,0.732765,0.0375159
259.867,0.731469,0.0433297
260.067,0.732074,0.0435169
260.267,0.730931,0.0449021
260.467,0.730841,0.0397634
260.667,0.730205,0.0314681
260.867,0.730096,0.0222442
261.067,0.730654,0.0123258
261.267,0.730673,0.0145733
261.467,0.73296,0.0151507
261.667,0.73058,0.017207
261.867,0.733779,0.0166725
262.067,0.733959,0.0208669
262.267,0.732398,0.0200709
262.467,0.731598,0.0137734
262.667,0.733151,0.0220296
262.867,0.730322,0.0277692
263.067,0.731575,0.0254867
263.267,0.730619,0.0121424
263.467,0.730919,0.00853717
263.667,0.73152,0.00661358
263.867,0.730993,0.0147098
264.067,0.731103,0.0243902
264.267,0.727517,0.0263138
264.467,0.728309,0.0149791
264.667,0.735804,0.00804944
264.867,0.73289,0.004729
265.067,0.732862,0.00652774
265.267,0.733963,0.0140153
265.467,0.729889,0.0255062
265.667,0.726912,0.0254476
265.867,0.727177,0.0284091
266.067,0.72937,0.0167856
266.267,0.729136,0.00701936
266.467,0.728324,0.00297708
266.667,0.728687,0.00180264
266.867,0.725472,0
267.067,0.726217,0.00552107
267.267,0.725488,0.00305512
267.467,0.725827,0.00377696
267.667,0.721598,0.00673063
267.867,0.722378,0.0102891
268.067,0.737006,0.0178352
268.267,0.735804,0.0283272
268.467,0.733857,0.0242537
268.667,0.73305,0.0258924
268.867,0.731809,0.0288851
269.067,0.732808,0.0322641
269.267,0.733073,0.0383392
269.467,0.731422,0.031991
269.667,0.733623,0.0215536
269.867,0.731415,0.0113387
270.067,0.73047,0.00114713
270.267,0.730771,0.00111202
270.467,0.731383,0
270.667,0.731633,0.0045222
270.867,0.730923,0.00719885
271.067,0.731216,0.0114752
271.267,0.730002,0.0142923
271.467,0.730353,0.0262904
271.667,0.731836,0.0131335
271.867,0.732254,0.00885322
272.067,0.730521,0.0109641
272.267,0.730763,0.0127862
272.467,0.730424,0.00676965
272.667,0.730205,0.0184322
272.867,0.731344,0.0116976
273.067,0.7358,0.0140231
273.267,0.73932,0.00443246
273.467,0.7412,0.00716373
273.667,0.73939,0.00630143
273.867,0.738629,0.00753831
274.067,0.736729,0.00354285
274.267,0.734606,0.00359747
274.467,0.733795,0.00934485
274.667,0.7355,0.00779192
274.867,0.731902,0.0107378
275.067,0.731395,0.00825624
275.267,0.735301,0.0109095
275.467,0.736331,0.0107924
275.667,0.734501,0.0141987
275.867,0.735984,0.0125326
276.067,0.737552,0.0157477
276.267,0.739694,0.0370438
276.467,0.737716,0.0429005
276.667,0.740986,0.0498496
276.867,0.744263,0.0552419
277.067,0.748758,0.0716724
277.267,0.753253,0.0861833
277.467,0.75609,0.109938
277.667,0.759742,0.133263
277.867,0.766909,0.132186
278.067,0.776051,0.146899
278.267,0.782236,0.148089
278.467,0.792989,0.13748
278.667,0.798097,0.15768
278.867,0.809166,0.175
279.067,0.823501,0.180615
279.267,0.839881,0.191571
279.467,0.853315,0.180693
279.667,0.858672,0.208349
279.867,0.874463,0.203913
280.067,0.878903,0.242685
280.267,0.871385,0.279393
280.467,0.868532,0.318747
280.667,0.877034,0.375
280.867,0.881408,0.420705
281.067,0.886922,0.462513
281.267,0.899103,0.477988
281.467,0.902572,0.493072
281.667,0.906477,0.501586
281.867,0.90858,0.511813
282.067,0.912576,0.518653
282.267,0.903793,0.510849
282.467,0.904011,0.537674
282.667,0.869348,0.557226
282.867,0.824512,0.578744
283.067,0.822089,0.562095
283.267,0.789091,0.56922
283.467,0.79462,0.595351
283.667,0.764206,0.610014
283.867,0.743163,0.608808
284.067,0.724419,0.619284
284.267,0.719339,0.619518
284.467,0.717532,0.614571
284.667,0.727154,0.614731
284.867,0.742231,0.621664
285.067,0.747416,0.622796
285.267,0.741696,0.624883
285.467,0.751384,0.636222
285.667,0.753967,0.634958
285.867,0.761861,0.646734
286.067,0.763363,0.649266
286.267,0.746671,0.651014
286.467,0.743307,0.65158
286.667,0.745617,0.6565
286.867,0.75005,0.651307
287.067,0.759738,0.650101
287.267,0.767807,0.646492
287.467,0.769703,0.645863
287.667,0.77055,0.643881
287.867,0.764803,0.655887
288.067,0.74957,0.654143
288.267,0.752906,0.657315
288.467,0.759687,0.656964
288.667,0.766839,0.667702
288.867,0.76426,0.674667
289.067,0.750085,0.659785
289.267,0.740873,0.648739
289.467,0.737201,0.637112
289.667,0.719674,0.619085
289.867,0.709982,0.595472
290.067,0.701648,0.586068
290.267,0.702998,0.575693
290.467,0.693688,0.575685
290.667,0.693263,0.587325
290.867,0.683887,0.592959
291.067,0.679684,0.603899
291.267,0.675209,0.603888
291.467,0.684004,0.585393
291.667,0.68398,0.596697
291.867,0.677858,0.602842
292.067,0.673235,0.5969
292.267,0.669278,0.597746
292.467,0.659266,0.594032
292.667,0.663835,0.603927
292.867,0.66705,0.613556
293.067,0.656632,0.622062
293.267,0.643753,0.63367
293.467,0.631165,0.628282
293.667,0.61786,0.608941
293.867,0.59267,0.59267
294.067,0.580446,0.580446
294.267,0.591285,0.591285
294.467,0.59475,0.59475
294.667,0.602378,0.602378
294.867,0.601324,0.594254
295.067,0.609202,0.609202
295.267,0.630962,0.630962
295.467,0.641392,0.641392
295.667,0.645719,0.645719
295.867,0.649551,0.649551
296.067,0.646148,0.646148
296.267,0.639281,0.639281
296.467,0.632348,0.632348
296.667,0.629866,0.629866
296.867,0.615285,0.615285
297.067,0.599381,0.599381
297.267,0.59791,0.59791
297.467,0.587578,0.587578
297.667,0.580422,0.580422
297.867,0.575892,0.575892
298.067,0.57679,0.57679
298.267,0.572002,0.572002
298.467,0.575334,0.575334
298.667,0.573145,0.573145
298.867,0.559388,0.559388
299.067,0.540671,0.540671
299.267,0.553215,0.553215
299.467,0.537928,0.537928
299.667,0.539722,0.539722
299.867,0.529164,0.529164
300.067,0.537826,0.532925
300.267,0.563059,0.529203
300.467,0.585896,0.53918
300.667,0.626374,0.542387
300.867,0.657908,0.553629
301.067,0.68851,0.571897
301.267,0.699123,0.567991
301.467,0.703009,0.564604
301.667,0.707013,0.554561
301.867,0.721059,0.554542
302.067,0.74271,0.56158
302.267,0.747986,0.548123
302.467,0.742355,0.536336
302.667,0.740018,0.53769
302.867,0.728406,0.546051
303.067,0.701082,0.561772
303.267,0.677593,0.559548
303.467,0.655037,0.575116
303.667,0.643281,0.58844
303.867,0.612597,0.610158
304.067,0.627377,0.627377
304.267,0.635961,0.635961
304.467,0.637931,0.637931
304.667,0.629928,0.629928
304.867,0.637455,0.637455
305.067,0.635953,0.635953
305.267,0.634111,0.634111
305.467,0.618188,0.618188
305.667,0.606701,0.606701
305.867,0.592307,0.592307
306.067,0.58471,0.58471
306.267,0.575451,0.575451
306.467,0.573816,0.573816
306.667,0.558268,0.558268
306.867,0.56206,0.56206
307.067,0.556414,0.556414
307.267,0.542422,0.542422
307.467,0.53019,0.53019
307.667,0.518383,0.518383
307.867,0.509019,0.509019
308.067,0.497524,0.497524
308.267,0.488722,0.488722
308.467,0.465405,0.465405
308.667,0.448252,0.448252
308.867,0.444401,0.444401
309.067,0.463262,0.463262
309.267,0.470325,0.470325
309.467,0.480875,0.480875
309.667,0.47919,0.47919
309.867,0.485608,0.485608
310.067,0.486751,0.486751
310.267,0.501785,0.501785
310.467,0.494571,0.494571
310.667,0.501317,0.501317
310.867,0.504122,0.504122
311.067,0.49768,0.49768
311.267,0.490649,0.490649
311.467,0.468066,0.468066
311.667,0.464636,0.464636
311.867,0.442922,0.442922
312.067,0.434237,0.434237
312.267,0.409538,0.409538
312.467,0.41783,0.41783
312.667,0.413089,0.413089
312.867,0.418899,0.418899
313.067,0.422399,0.422399
313.267,0.435169,0.435169
313.467,0.447304,0.447304
313.667,0.445962,0.445962
313.867,0.452271,0.452271
314.067,0.451822,0.451822
314.267,0.465549,0.465549
314.467,0.486385,0.486385
314.667,0.494606,0.494606
314.867,0.517326,0.517326
315.067,0.539769,0.539769
315.267,0.549379,0.549379
315.467,0.552013,0.552013
315.667,0.54211,0.54211
315.867,0.532996,0.532996
316.067,0.52257,0.52257
316.267,0.502718,0.502718
316.467,0.507369,0.507369
316.667,0.505925,0.505925
316.867,0.484871,0.484871
317.067,0.461858,0.461858
317.267,0.433691,0.433691
317.467,0.411997,0.411997
317.667,0.37409,0.37409
317.867,0.347144,0.347144
318.067,0.309262,0.309262
318.267,0.270298,0.270298
318.467,0.235439,0.235439
318.667,0.195239,0.195239
318.867,0.165585,0.165585
319.067,0.140914,0.140914
319.267,0.107776,0.107776
319.467,0.0819225,0.0819225
319.667,0.0585857,0.0585857
319.867,0.038191,0.0294431
320.067,0.0315774,0.0164579
320.267,0.0313199,0.00589564
320.467,0.031792,0.000944239
320.667,0.0323226,0.00875177
320.867,0.0320495,0.00759683
321.067,0.0328767,0.00375745
321.267,0.0326231,0.00963748
321.467,0.031909,0.00599319
321.667,0.035128,0.00737443
321.867,0.0355963,0.0110421
322.067,0.034254,0.00531427
322.267,0.0359396,0.0359396
322.467,0.0345233,0.0170899
322.667,0.0335556,0.00978965
322.867,0.0319364,0.0154434
323.067,0.0312145,0.0181668
323.267,0.0286627,0.00705058
323.467,0.0289124,0.0164032
323.667,0.0266962,0.00895857
323.867,0.0264582,0.0183346
324.067,0.0214756,0.0182917
324.267,0.0202153,0.0104842
324.467,0.0191891,0.0165983
324.667,0.0155643,0.0088064
324.867,0.0186156,0.0151195
325.067,0.0185141,0.0185141
325.267,0.0180069,0.00695303
325.467,0.020664,0.020664
325.667,0.0150376,0.0103008
325.867,0.0132428,0.0112294
326.067,0.0160716,0.0160716
326.267,0.0133325,0.00566934
326.467,0.0207225,0.0207225
326.667,0.0122127,0.0105115
326.867,0.0176479,0.0128916
327.067,0.0209176,0.0209176
327.267,0.0224901,0.0206952
327.467,0.0312652,0.0279292
327.667,0.0295523,0.0213273
327.867,0.0292909,0.0224666
328.067,0.0496701,0.0378437
328.267,0.0637869,0.0566114
328.467,0.0763429,0.0763429
328.667,0.10062,0.10062
328.867,0.12645,0.12645
329.067,0.153295,0.153295
329.267,0.174329,0.174329
329.467,0.181243,0.181243
329.667,0.190451,0.190451
329.867,0.199316,0.199316
330.067,0.195044,0.195044
330.267,0.192676,0.192676
330.467,0.191064,0.191064
330.667,0.178329,0.178329
330.867,0.163502,0.163502
331.067,0.144266,0.144266
331.267,0.121994,0.121994
331.467,0.118116,0.118116
331.667,0.12437,0.12437
331.867,0.152569,0.152569
332.067,0.166725,0.166725
332.267,0.176526,0.176526
332.467,0.174793,0.174793
332.667,0.179675,0.179675
332.867,0.188805,0.188805
333.067,0.194127,0.194127
333.267,0.204884,0.204884
333.467,0.200042,0.200042
333.667,0.194111,0.194111
333.867,0.183163,0.183163
334.067,0.171442,0.171442
334.267,0.147368,0.147368
334.467,0.12034,0.12034
334.667,0.0941547,0.0941547
334.867,0.0749695,0.0749695
335.067,0.0627256,0.0627256
335.267,0.0546683,0.0546683
335.467,0.0443129,0.0443129
335.667,0.0445041,0.0366146
335.867,0.0463458,0.0398414
336.067,0.0494594,0.0415036
336.267,0.0519293,0.0443909
336.467,0.0575635,0.0502554
336.667,0.0781612,0.0727376
336.867,0.104853,0.0913415
337.067,0.131464,0.105891
337.267,0.158484,0.121214
337.467,0.185996,0.13224
337.667,0.220324,0.140746
337.867,0.244948,0.154051
338.067,0.272596,0.183241
338.267,0.299289,0.206937
338.467,0.320035,0.238467
338.667,0.306226,0.250571
338.867,0.291001,0.252849
339.067,0.253946,0.246919
339.267,0.251234,0.251234
339.467,0.260949,0.260949
339.667,0.249665,0.249665
339.867,0.23542,0.23542
340.067,0.232579,0.232579
340.267,0.210671,0.210671
340.467,0.184618,0.184618
340.667,0.150473,0.150473
340.867,0.13201,0.13201
341.067,0.117928,0.117928
341.267,0.0901787,0.0901787
341.467,0.0654451,0.0654451
341.667,0.0429161,0.0387918
341.867,0.0251511,0.0251511
342.067,0.0229544,0.00761244
342.267,0.0240859,0.0021538
342.467,0.0235904,0.000944239
342.667,0.0226695,0.00246985
342.867,0.0226305,0
343.067,0.0231651,0
343.267,0.0226305,0
343.467,0.0226305,0
343.667,0.0225876,0
343.867,0.0225837,0
344.067,0.0223964,0
344.267,0.0226032,0
344.467,0.0225252,0
344.667,0.0225291,0
344.867,0.0225447,0
345.067,0.0225486,0
345.267,0.0230792,0.00103008
345.467,0.0232938,0.00210698
345.667,0.0233914,0
345.867,0.0234226,0
346.067,0.0234304,0
346.267,0.0234304,0
346.467,0.023368,0
346.667,0.0233758,0
346.867,0.0233992,0
347.067,0.0233172,0
347.267,0.0233133,0
347.467,0.0233133,0
347.667,0.0233055,0
347.867,0.0233055,0
348.067,0.023329,0
348.267,0.0227983,0
348.467,0.0222364,0.000901319
348.667,0.0227632,0
348.867,0.0222364,0.00103008
349.067,0.0226227,0
349.267,0.022494,0
349.467,0.022494,0
349.667,0.0223262,0
349.867,0.022334,0
350.067,0.0222872,0
350.267,0.0222794,0
350.467,0.0222755,0
350.667,0.0261695,0.00423347
350.867,0.0487649,0.0274727
351.067,0.0691597,0.0500018
351.267,0.0838578,0.0705292
351.467,0.0891253,0.084326
351.667,0.0930193,0.0908577
351.867,0.0967299,0.0906353
352.067,0.0993441,0.0943303
352.267,0.10284,0.0946307
352.467,0.106145,0.0929881
352.667,0.108342,0.0933236
352.867,0.125713,0.108061
353.067,0.155878,0.136427
353.267,0.182562,0.163303
353.467,0.204354,0.181797
353.667,0.219274,0.193038
353.867,0.226723,0.192441
354.067,0.231456,0.182917
354.267,0.240239,0.181228
354.467,0.244378,0.171063
354.667,0.244183,0.151371
354.867,0.244304,0.133805
355.067,0.240445,0.13812
355.267,0.240492,0.107261
355.467,0.236036,0.102992
355.667,0.242232,0.10682
355.867,0.248947,0.112708
356.067,0.263591,0.123083
356.267,0.264406,0.13647
356.467,0.266361,0.137153
356.667,0.267739,0.13867
356.867,0.269795,0.140368
357.067,0.279167,0.149123
357.267,0.29758,0.167532
357.467,0.318532,0.181657
357.667,0.334167,0.190104
357.867,0.338783,0.201657
358.067,0.350207,0.200062
358.267,0.355424,0.205146
358.467,0.359833,0.200284
358.667,0.363739,0.196847
358.867,0.366533,0.197213
359.067,0.370138,0.196718
359.267,0.372061,0.192648
359.467,0.385148,0.208478
359.667,0.394895,0.214994
359.867,0.413616,0.211615
360.067,0.417432,0.208107
360.267,0.418688,0.192344
360.467,0.414018,0.189847
360.667,0.415418,0.163186
360.867,0.416839,0.151722
361.067,0.415091,0.155054
361.267,0.415422,0.136173
361.467,0.431154,0.15038
361.667,0.448354,0.159214
361.867,0.456512,0.16644
362.067,0.465771,0.166108
362.267,0.477875,0.183019
362.467,0.483509,0.185613
362.667,0.492296,0.196402
362.867,0.507876,0.204631
363.067,0.516468,0.221966
363.267,0.529156,0.226137
363.467,0.541708,0.219891
363.667,0.54037,0.217542
363.867,0.532801,0.207709
364.067,0.530097,0.198688
364.267,0.53037,0.183104
364.467,0.523608,0.172105
364.667,0.524232,0.158386
364.867,0.52426,0.148288
365.067,0.518719,0.127039
365.267,0.508953,0.116153
365.467,0.508563,0.110082
365.667,0.524217,0.116512
365.867,0.543234,0.113094
366.067,0.553344,0.108607
366.267,0.564249,0.104178
366.467,0.574082,0.106047
366.667,0.584371,0.0951692
366.867,0.593856,0.0753011
367.067,0.599943,0.0584609
367.267,0.61541,0.0358811
367.467,0.620662,0.0339848
367.667,0.62733,0.0383275
367.867,0.628844,0.0291309
368.067,0.633023,0.0383158
368.267,0.629889,0.0395605
368.467,0.635313,0.0442466
368.667,0.646687,0.041609
368.867,0.657768,0.0393771
369.067,0.666465,0.0458151
369.267,0.675697,0.044945
369.467,0.68867,0.0537007
369.667,0.697644,0.056709
369.867,0.707922,0.061157
370.067,0.719019,0.0681608
370.267,0.72667,0.0698269
370.467,0.730369,0.0701039
370.667,0.729932,0.0723514
370.867,0.729998,0.0692182
371.067,0.729784,0.0759293
371.267,0.731516,0.0791756
371.467,0.735952,0.0902022
371.667,0.741622,0.0934446
371.867,0.748567,0.0951614
372.067,0.753,0.1003
372.267,0.752512,0.101041
372.467,0.756975,0.107495
372.667,0.761299,0.103055
372.867,0.761221,0.0974127
373.067,0.769571,0.0912049
373.267,0.766621,0.0791444
373.467,0.7638,0.0820669
373.667,0.764463,0.0638259
373.867,0.759519,0.0470286
374.067,0.761888,0.050985
374.267,0.762309,0.0468257
374.467,0.762294,0.0551404
374.667,0.757522,0.0523194
374.867,0.758891,0.0420264
375.067,0.758068,0.0493033
375.267,0.756293,0.0324553
375.467,0.754798,0.0235943
375.667,0.756421,0.0287642
375.867,0.751591,0.0362127
376.067,0.751763,0.030598
376.267,0.744365,0.0318505
376.467,0.755481,0.0336336
376.667,0.757194,0.0335322
376.867,0.745563,0.0323226
377.067,0.74271,0.0310155
377.267,0.742597,0.0304771
377.467,0.73804,0.0246751
377.667,0.738149,0.0244332
377.867,0.738313,0.0210659
378.067,0.75019,0.0140387
378.267,0.751236,0.0179327
378.467,0.7552,0.0169807
378.667,0.751763,0.0239064
378.867,0.747026,0.0249755
379.067,0.746581,0.0290568
379.267,0.747077,0.0325489
379.467,0.744681,0.0259393
379.667,0.750803,0.0266884
379.867,0.748774,0.0133754
380.067,0.74717,0.0142299
380.267,0.745727,0.0144679
380.467,0.742909,0.00506846
380.667,0.743155,0.0107027
380.867,0.756613,0.00807285
381.067,0.765747,0.00657846
381.267,0.773519,0
381.467,0.817922,0.0017207
381.667,0.81967,0
381.867,0.820856,0.00328143
382.067,0.824063,0.00582931
382.267,0.82889,0.00476412
382.467,0.823642,0.0017207
