Time, Queue Output, Queue Baseline
0.266667,0,0.113781
0.466667,0,0.114066
0.666667,0.153396,0.125116
0.866667,0.153396,0.138413
1.06667,0.153396,0.14173
1.26667,0.14647,0.14647
1.46667,0.14647,0.147399
1.66667,0.14647,0.150329
1.86667,0.151543,0.151543
2.06667,0.151543,0.16347
2.26667,0.151543,0.16779
2.46667,0.174325,0.174325
2.66667,0.174325,0.179936
2.86667,0.174325,0.183151
3.06667,0.185375,0.185375
3.26667,0.185375,0.187147
3.46667,0.185375,0.189062
3.66667,0.191587,0.191587
3.86667,0.191587,0.196394
4.06667,0.191587,0.202016
4.26667,0.201361,0.201361
4.46667,0.201361,0.206039
4.66667,0.201361,0.20124
4.86667,0.203807,0.203807
5.06667,0.203807,0.202055
5.26667,0.203807,0.211065
5.46667,0.217553,0.217553
5.66667,0.217553,0.221674
5.86667,0.217553,0.238178
6.06667,0.252888,0.252888
6.26667,0.252888,0.267649
6.46667,0.252888,0.269409
6.66667,0.282468,0.282468
6.86667,0.282468,0.28923
7.06667,0.282468,0.283779
7.26667,0.277251,0.277251
7.46667,0.277251,0.279405
7.66667,0.277251,0.289522
7.86667,0.295305,0.295305
8.06667,0.295305,0.306757
8.26667,0.295305,0.309152
8.46667,0.307982,0.307982
8.66667,0.307982,0.315259
8.86667,0.307982,0.319933
9.06667,0.322965,0.322965
9.26667,0.322965,0.332005
9.46667,0.322965,0.337308
9.66667,0.337718,0.337718
9.86667,0.337718,0.336204
10.0667,0.337718,0.333012
10.2667,0.32737,0.32737
10.4667,0.32737,0.322754
10.6667,0.32737,0.318314
10.8667,0.314272,0.314272
11.0667,0.314272,0.311021
11.2667,0.314272,0.309074
11.4667,0.307299,0.307299
11.6667,0.307299,0.303319
11.8667,0.307299,0.299187
12.0667,0.299035,0.299035
12.2667,0.299035,0.295527
12.4667,0.299035,0.293939
12.6667,0.294778,0.294778
12.8667,0.294778,0.294977
13.0667,0.294778,0.292921
13.2667,0.292328,0.292328
13.4667,0.292328,0.28985
13.6667,0.292328,0.28946
13.8667,0.288629,0.288629
14.0667,0.288629,0.287934
14.2667,0.288629,0.289
14.4667,0.28644,0.28644
14.6667,0.28644,0.29248
14.8667,0.28644,0.291189
15.0667,0.290947,0.290947
15.2667,0.290947,0.290943
15.4667,0.290947,0.290771
15.6667,0.293003,0.293003
15.8667,0.293003,0.290974
16.0667,0.293003,0.290077
16.2667,0.291704,0.291704
16.4667,0.291704,0.288883
16.6667,0.291704,0.287872
16.8667,0.287817,0.287817
17.0667,0.287817,0.293214
17.2667,0.287817,0.292983
17.4667,0.294049,0.294049
17.6667,0.294049,0.29406
17.8667,0.294049,0.28985
18.0667,0.290026,0.290026
18.2667,0.290026,0.28779
18.4667,0.290026,0.28644
18.6667,0.282273,0.282273
18.8667,0.282273,0.290673
19.0667,0.282273,0.299273
19.2667,0.305426,0.305426
19.4667,0.305426,0.310026
19.6667,0.305426,0.31472
19.8667,0.303963,0.303963
20.0667,0.303963,0.296085
20.2667,0.303963,0.287966
20.4667,0.285687,0.285687
20.6667,0.285687,0.28699
20.8667,0.285687,0.295083
21.0667,0.298902,0.298902
21.2667,0.298902,0.295738
21.4667,0.298902,0.289651
21.6667,0.288968,0.288968
21.8667,0.288968,0.288613
22.0667,0.288968,0.289503
22.2667,0.289565,0.289565
22.4667,0.289565,0.288539
22.6667,0.289565,0.289175
22.8667,0.289745,0.289745
23.0667,0.289745,0.289819
23.2667,0.289745,0.297022
23.4667,0.299203,0.299203
23.6667,0.299203,0.299499
23.8667,0.299203,0.299531
24.0667,0.301205,0.301205
24.2667,0.301205,0.300736
24.4667,0.301205,0.302141
24.6667,0.302609,0.302609
24.8667,0.302609,0.302539
25.0667,0.302609,0.304185
25.2667,0.300576,0.300576
25.4667,0.300576,0.298516
25.6667,0.300576,0.298746
25.8667,0.301708,0.301708
26.0667,0.301708,0.308017
26.2667,0.301708,0.314791
26.4667,0.322668,0.322668
26.6667,0.322668,0.326211
26.8667,0.322668,0.325782
27.0667,0.329863,0.329863
27.2667,0.329863,0.338373
27.4667,0.329863,0.354839
27.6667,0.371328,0.371328
27.8667,0.371328,0.383189
28.0667,0.371328,0.395991
28.2667,0.407775,0.407775
28.4667,0.407775,0.420378
28.6667,0.407775,0.436266
28.8667,0.451631,0.451631
29.0667,0.451631,0.461866
29.2667,0.451631,0.468331
29.4667,0.474632,0.474632
29.6667,0.474632,0.472994
29.8667,0.474632,0.490197
30.0667,0.492366,0.492366
30.2667,0.492366,0.497064
30.4667,0.492366,0.499253
30.6667,0.498164,0.498164
30.8667,0.498164,0.50351
31.0667,0.498164,0.504883
31.2667,0.502655,0.502655
31.4667,0.502655,0.508496
31.6667,0.502655,0.513299
31.8667,0.512968,0.512968
32.0667,0.512968,0.513108
32.2667,0.512968,0.517486
32.4667,0.515758,0.515758
32.6667,0.515758,0.517533
32.8667,0.515758,0.516159
33.0667,0.522913,0.522913
33.2667,0.522913,0.525005
33.4667,0.522913,0.520112
33.6667,0.52799,0.52799
33.8667,0.52799,0.537491
34.0667,0.52799,0.547432
34.2667,0.55341,0.55341
34.4667,0.55341,0.564409
34.6667,0.55341,0.589229
34.8667,0.592701,0.592701
35.0667,0.592701,0.596634
35.2667,0.592701,0.597313
35.4667,0.599291,0.599291
35.6667,0.599291,0.596322
35.8667,0.599291,0.599268
36.0667,0.599011,0.599011
36.2667,0.599011,0.599697
36.4667,0.599011,0.589389
36.6667,0.592284,0.592284
36.8667,0.592284,0.593856
37.0667,0.592284,0.587524
37.2667,0.586099,0.586099
37.4667,0.586099,0.584504
37.6667,0.586099,0.58361
37.8667,0.581526,0.581526
38.0667,0.581526,0.577843
38.2667,0.581526,0.575389
38.4667,0.576099,0.576099
38.6667,0.576099,0.581952
38.8667,0.576099,0.587746
39.0667,0.594481,0.594481
39.2667,0.594481,0.599795
39.4667,0.594481,0.604024
39.6667,0.613412,0.613412
39.8667,0.613412,0.61722
40.0667,0.613412,0.619663
40.2667,0.626444,0.626444
40.4667,0.626444,0.635379
40.6667,0.626444,0.644252
40.8667,0.656851,0.656851
41.0667,0.656851,0.66181
41.2667,0.656851,0.667788
41.4667,0.678592,0.678592
41.6667,0.678592,0.681741
41.8667,0.678592,0.684995
42.0667,0.689696,0.689696
42.2667,0.689696,0.693021
42.4667,0.689696,0.694125
42.6667,0.693114,0.693114
42.8667,0.693114,0.692908
43.0667,0.693114,0.692978
43.2667,0.695596,0.695596
43.4667,0.695596,0.699997
43.6667,0.695596,0.701702
43.8667,0.698444,0.698444
44.0667,0.698444,0.699888
44.2667,0.698444,0.703829
44.4667,0.708105,0.708105
44.6667,0.708105,0.709596
44.8667,0.708105,0.714157
45.0667,0.714368,0.714368
45.2667,0.714368,0.713911
45.4667,0.714368,0.711164
45.6667,0.710969,0.710969
45.8667,0.710969,0.709065
46.0667,0.710969,0.709018
46.2667,0.708628,0.708628
46.4667,0.708628,0.706045
46.6667,0.708628,0.70855
46.8667,0.708952,0.708952
47.0667,0.708952,0.707852
47.2667,0.708952,0.70658
47.4667,0.709206,0.709206
47.6667,0.709206,0.711383
47.8667,0.709206,0.712522
48.0667,0.714317,0.714317
48.2667,0.714317,0.715507
48.4667,0.714317,0.711999
48.6667,0.713349,0.713349
48.8667,0.713349,0.7158
49.0667,0.713349,0.715983
49.2667,0.718449,0.718449
49.4667,0.718449,0.716818
49.6667,0.718449,0.713771
49.8667,0.719518,0.719518
50.0667,0.719518,0.712959
50.2667,0.719518,0.715363
50.4667,0.712417,0.712417
50.6667,0.712417,0.713736
50.8667,0.712417,0.716584
51.0667,0.712101,0.712101
51.2667,0.712101,0.710466
51.4667,0.712101,0.714372
51.6667,0.715047,0.715047
51.8667,0.715047,0.71381
52.0667,0.715047,0.716818
52.2667,0.718679,0.718679
52.4667,0.718679,0.716006
52.6667,0.718679,0.712467
52.8667,0.708765,0.708765
53.0667,0.708765,0.704976
53.2667,0.708765,0.706236
53.4667,0.710181,0.710181
53.6667,0.710181,0.710813
53.8667,0.710181,0.711473
54.0667,0.713954,0.713954
54.2667,0.713954,0.713786
54.4667,0.713954,0.717895
54.6667,0.721524,0.721524
54.8667,0.721524,0.722171
55.0667,0.721524,0.723408
55.2667,0.724864,0.724864
55.4667,0.724864,0.725371
55.6667,0.724864,0.720107
55.8667,0.718133,0.718133
56.0667,0.718133,0.720474
56.2667,0.718133,0.721894
56.4667,0.72612,0.72612
56.6667,0.72612,0.726623
56.8667,0.72612,0.724348
57.0667,0.723385,0.723385
57.2667,0.723385,0.720938
57.4667,0.723385,0.721984
57.6667,0.722706,0.722706
57.8667,0.722706,0.72205
58.0667,0.722706,0.718242
58.2667,0.717579,0.717579
58.4667,0.717579,0.717036
58.6667,0.717579,0.721555
58.8667,0.723018,0.723018
59.0667,0.723018,0.724934
59.2667,0.723018,0.724641
59.4667,0.725262,0.725262
59.6667,0.725262,0.720747
59.8667,0.725262,0.720969
60.0667,0.720431,0.720431
60.2667,0.720431,0.720236
60.4667,0.720431,0.720271
60.6667,0.719596,0.719596
60.8667,0.719596,0.716869
61.0667,0.719596,0.714656
61.2667,0.710528,0.710528
61.4667,0.710528,0.708714
61.6667,0.710528,0.709892
61.8667,0.714024,0.714024
62.0667,0.714024,0.712019
62.2667,0.714024,0.715214
62.4667,0.720548,0.720548
62.6667,0.720548,0.724228
62.8667,0.720548,0.721812
63.0667,0.724395,0.724395
63.2667,0.724395,0.726272
63.4667,0.724395,0.724641
63.6667,0.726963,0.726963
63.8667,0.726963,0.727962
64.0667,0.726963,0.725784
64.2667,0.728266,0.728266
64.4667,0.728266,0.727396
64.6667,0.728266,0.726682
64.8667,0.730498,0.730498
65.0667,0.730498,0.730252
65.2667,0.730498,0.727177
65.4667,0.729362,0.729362
65.6667,0.729362,0.731965
65.8667,0.729362,0.730076
66.0667,0.726112,0.726112
66.2667,0.726112,0.725265
66.4667,0.726112,0.726143
66.6667,0.726494,0.726494
66.8667,0.726494,0.72637
67.0667,0.726494,0.722967
67.2667,0.724653,0.724653
67.4667,0.724653,0.724224
67.6667,0.724653,0.724618
67.8667,0.723935,0.723935
68.0667,0.723935,0.720903
68.2667,0.723935,0.722245
68.4667,0.720525,0.720525
68.6667,0.720525,0.720673
68.8667,0.720525,0.714715
69.0667,0.714262,0.714262
69.2667,0.714262,0.714426
69.4667,0.714262,0.716982
69.6667,0.71784,0.71784
69.8667,0.71784,0.717594
70.0667,0.71784,0.715242
70.2667,0.714539,0.714539
70.4667,0.714539,0.714543
70.6667,0.714539,0.714013
70.8667,0.7131,0.7131
71.0667,0.7131,0.713478
71.2667,0.7131,0.712592
71.4667,0.714309,0.714309
71.6667,0.714309,0.71436
71.8667,0.714309,0.714309
72.0667,0.710446,0.710446
72.2667,0.710446,0.71045
72.4667,0.710446,0.711195
72.6667,0.712557,0.712557
72.8667,0.712557,0.715628
73.0667,0.712557,0.717337
73.2667,0.718289,0.718289
73.4667,0.718289,0.718504
73.6667,0.718289,0.720213
73.8667,0.719479,0.719479
74.0667,0.719479,0.718933
74.2667,0.719479,0.716744
74.4667,0.715987,0.715987
74.6667,0.715987,0.714953
74.8667,0.715987,0.715039
75.0667,0.714567,0.714567
75.2667,0.714567,0.718445
75.4667,0.714567,0.715925
75.6667,0.716014,0.716014
75.8667,0.716014,0.719182
76.0667,0.716014,0.71418
76.2667,0.715921,0.715921
76.4667,0.715921,0.716022
76.6667,0.715921,0.714715
76.8667,0.712148,0.712148
77.0667,0.712148,0.711508
77.2667,0.712148,0.712975
77.4667,0.713053,0.713053
77.6667,0.713053,0.712717
77.8667,0.713053,0.707469
78.0667,0.708058,0.708058
78.2667,0.708058,0.704847
78.4667,0.708058,0.706345
78.6667,0.706603,0.706603
78.8667,0.706603,0.706954
79.0667,0.706603,0.710899
79.2667,0.711316,0.711316
79.4667,0.711316,0.711262
79.6667,0.711316,0.710641
79.8667,0.710306,0.710306
80.0667,0.710306,0.71116
80.2667,0.710306,0.711933
80.4667,0.713572,0.713572
80.6667,0.713572,0.714695
80.8667,0.713572,0.718109
81.0667,0.71898,0.71898
81.2667,0.71898,0.719155
81.4667,0.71898,0.715
81.6667,0.718184,0.718184
81.8667,0.718184,0.720529
82.0667,0.718184,0.724103
82.2667,0.722909,0.722909
82.4667,0.722909,0.722105
82.6667,0.722909,0.724442
82.8667,0.723876,0.723876
83.0667,0.723876,0.7277
83.2667,0.723876,0.726947
83.4667,0.726459,0.726459
83.6667,0.726459,0.726299
83.8667,0.726459,0.725757
84.0667,0.728243,0.728243
84.2667,0.728243,0.726491
84.4667,0.728243,0.725613
84.6667,0.729023,0.729023
84.8667,0.729023,0.729565
85.0667,0.729023,0.731036
85.2667,0.730771,0.730771
85.4667,0.730771,0.728129
85.6667,0.730771,0.727439
85.8667,0.727142,0.727142
86.0667,0.727142,0.725285
86.2667,0.727142,0.72873
86.4667,0.726612,0.726612
86.6667,0.726612,0.727497
86.8667,0.726612,0.728289
87.0667,0.728477,0.728477
87.2667,0.728477,0.728164
87.4667,0.728477,0.727333
87.6667,0.724259,0.724259
87.8667,0.724259,0.724508
88.0667,0.724259,0.720825
88.2667,0.722105,0.722105
88.4667,0.722105,0.719729
88.6667,0.722105,0.719623
88.8667,0.719772,0.719772
89.0667,0.719772,0.725234
89.2667,0.719772,0.722706
89.4667,0.722628,0.722628
89.6667,0.722628,0.723634
89.8667,0.722628,0.720774
90.0667,0.724009,0.724009
90.2667,0.724009,0.7258
90.4667,0.724009,0.726569
90.6667,0.72793,0.72793
90.8667,0.72793,0.732854
91.0667,0.72793,0.733022
91.2667,0.734864,0.734864
91.4667,0.734864,0.735375
91.6667,0.734864,0.736011
91.8667,0.735231,0.735231
92.0667,0.735231,0.733994
92.2667,0.735231,0.734482
92.4667,0.738383,0.738383
92.6667,0.738383,0.740151
92.8667,0.738383,0.735695
93.0667,0.732761,0.732761
93.2667,0.732761,0.730338
93.4667,0.732761,0.728555
93.6667,0.728168,0.728168
93.8667,0.728168,0.727294
94.0667,0.728168,0.72269
94.2667,0.72349,0.72349
94.4667,0.72349,0.728851
94.6667,0.72349,0.727368
94.8667,0.730845,0.730845
95.0667,0.730845,0.735055
95.2667,0.730845,0.744049
95.4667,0.750736,0.750736
95.6667,0.750736,0.755493
95.8667,0.750736,0.762512
96.0667,0.769972,0.769972
96.2667,0.769972,0.779563
96.4667,0.769972,0.788842
96.6667,0.800836,0.800836
96.8667,0.800836,0.808429
97.0667,0.800836,0.816314
97.2667,0.829463,0.829463
97.4667,0.829463,0.836693
97.6667,0.829463,0.843779
97.8667,0.848141,0.848141
98.0667,0.848141,0.847537
98.2667,0.848141,0.855785
98.4667,0.85424,0.85424
98.6667,0.85424,0.85719
98.8667,0.85424,0.867026
99.0667,0.865387,0.865387
99.2667,0.865387,0.867089
99.4667,0.865387,0.866644
99.6667,0.874752,0.874752
99.8667,0.874752,0.870717
100.067,0.874752,0.855906
100.267,0.841465,0.841465
100.467,0.841465,0.843451
100.667,0.841465,0.841863
100.867,0.852168,0.852168
101.067,0.852168,0.825729
101.267,0.852168,0.807223
101.467,0.781202,0.781202
101.667,0.781202,0.776231
101.867,0.781202,0.771322
102.067,0.769196,0.769196
102.267,0.769196,0.757869
102.467,0.769196,0.769391
102.667,0.773488,0.773488
102.867,0.773488,0.768751
103.067,0.773488,0.764693
103.267,0.753643,0.753643
103.467,0.753643,0.727872
103.667,0.753643,0.727899
103.867,0.723287,0.723287
104.067,0.723287,0.724313
104.267,0.723287,0.721789
104.467,0.726885,0.726885
104.667,0.726885,0.731153
104.867,0.726885,0.720408
105.067,0.76234,0.722226
105.267,0.76234,0.726974
105.467,0.76234,0.728313
105.667,0.79073,0.746288
105.867,0.79073,0.751653
106.067,0.79073,0.75673
106.267,0.822514,0.762707
106.467,0.822514,0.766199
106.667,0.822514,0.770448
106.867,0.847041,0.766273
107.067,0.847041,0.76156
107.267,0.847041,0.763679
107.467,0.866328,0.763296
107.667,0.866328,0.753066
107.867,0.866328,0.749917
108.067,0.854142,0.743776
108.267,0.854142,0.720252
108.467,0.854142,0.711679
108.667,0.815713,0.69876
108.867,0.815713,0.699236
109.067,0.815713,0.681159
109.267,0.795603,0.6832
109.467,0.795603,0.683266
109.667,0.795603,0.683048
109.867,0.787148,0.671654
110.067,0.787148,0.6643
110.267,0.787148,0.671994
110.467,0.76419,0.675447
110.667,0.76419,0.688245
110.867,0.76419,0.693337
111.067,0.769176,0.694656
111.267,0.769176,0.691183
111.467,0.769176,0.689256
111.667,0.780043,0.682771
111.867,0.780043,0.704808
112.067,0.780043,0.718059
112.267,0.795537,0.719382
112.467,0.795537,0.722815
112.667,0.795537,0.732047
112.867,0.766398,0.745867
113.067,0.766398,0.740721
113.267,0.766398,0.743912
113.467,0.743401,0.743401
113.667,0.743401,0.740838
113.867,0.743401,0.74282
114.067,0.7385,0.7385
114.267,0.7385,0.730662
114.467,0.7385,0.715257
114.667,0.694866,0.68176
114.867,0.694866,0.673317
115.067,0.694866,0.667249
115.267,0.674827,0.654611
115.467,0.674827,0.640733
115.667,0.674827,0.624247
115.867,0.683258,0.593837
116.067,0.683258,0.573543
116.267,0.683258,0.563898
116.467,0.654955,0.557402
116.667,0.654955,0.528911
116.867,0.654955,0.513085
117.067,0.680777,0.497243
117.267,0.680777,0.489822
117.467,0.680777,0.480169
117.667,0.635972,0.477637
117.867,0.635972,0.463824
118.067,0.635972,0.461066
118.267,0.619717,0.469845
118.467,0.619717,0.464714
118.667,0.619717,0.471097
118.867,0.611344,0.467629
119.067,0.611344,0.45579
119.267,0.611344,0.439415
119.467,0.59585,0.425536
119.667,0.59585,0.416121
119.867,0.59585,0.39802
120.067,0.560917,0.397903
120.267,0.560917,0.416527
120.467,0.560917,0.438681
120.667,0.5791,0.459751
120.867,0.5791,0.453426
121.067,0.5791,0.448693
121.267,0.597606,0.445201
121.467,0.597606,0.43364
121.667,0.597606,0.430905
121.867,0.573852,0.427139
122.067,0.573852,0.426979
122.267,0.573852,0.435903
122.467,0.549668,0.431623
122.667,0.549668,0.415368
122.867,0.549668,0.404567
123.067,0.506225,0.377594
123.267,0.506225,0.34867
123.467,0.506225,0.317561
123.667,0.410268,0.294173
123.867,0.410268,0.278804
124.067,0.410268,0.273189
124.267,0.366041,0.279401
124.467,0.366041,0.268043
124.667,0.366041,0.263903
124.867,0.351093,0.266627
125.067,0.351093,0.279066
125.267,0.351093,0.312052
125.467,0.422699,0.34174
125.667,0.422699,0.371589
125.867,0.422699,0.400381
126.067,0.558631,0.422274
126.267,0.558631,0.444881
126.467,0.558631,0.436153
126.667,0.618906,0.461241
126.867,0.618906,0.49461
127.067,0.618906,0.527678
127.267,0.687539,0.526815
127.467,0.687539,0.525383
127.667,0.687539,0.51058
127.867,0.648841,0.480185
128.067,0.648841,0.461343
128.267,0.648841,0.446079
128.467,0.601515,0.416733
128.667,0.601515,0.411411
128.867,0.601515,0.399913
129.067,0.544311,0.370692
129.267,0.544311,0.345787
129.467,0.544311,0.331221
129.667,0.422699,0.306464
129.867,0.422699,0.288208
130.067,0.422699,0.249209
130.267,0.352002,0.215868
130.467,0.352002,0.17923
130.667,0.352002,0.160704
130.867,0.244815,0.142767
131.067,0.244815,0.121686
131.267,0.244815,0.10215
131.467,0.160302,0.0781963
131.667,0.160302,0.0607005
131.867,0.160302,0.0472978
132.067,0.0802213,0.0444651
132.267,0.0802213,0.0432399
132.467,0.0802213,0.0501695
132.667,0.0465135,0.0465135
132.867,0.0465135,0.047688
133.067,0.0465135,0.0426781
133.267,0.0500018,0.0500018
133.467,0.0500018,0.0471964
133.667,0.0500018,0.090409
133.867,0.135182,0.131889
134.067,0.135182,0.19067
134.267,0.135182,0.226773
134.467,0.306164,0.268644
134.667,0.306164,0.299429
134.867,0.306164,0.320714
135.067,0.431307,0.36585
135.267,0.431307,0.396971
135.467,0.431307,0.397045
135.667,0.505539,0.388258
135.867,0.505539,0.364433
136.067,0.505539,0.365034
136.267,0.479584,0.330733
136.467,0.479584,0.309328
136.667,0.479584,0.303159
136.867,0.382768,0.295906
137.067,0.382768,0.266728
137.267,0.382768,0.234526
137.467,0.329598,0.197693
137.667,0.329598,0.163615
137.867,0.329598,0.13782
138.067,0.204923,0.117585
138.267,0.204923,0.101373
138.467,0.204923,0.0863316
138.667,0.13036,0.071013
138.867,0.13036,0.0518395
139.067,0.13036,0.052378
139.267,0.06406,0.0530686
139.467,0.06406,0.0503217
139.667,0.06406,0.0542664
139.867,0.0504973,0.0504973
140.067,0.0504973,0.0566543
140.267,0.0504973,0.0761712
140.467,0.0988213,0.0988213
140.667,0.0988213,0.130005
140.867,0.0988213,0.164142
141.067,0.195914,0.195914
141.267,0.195914,0.23135
141.467,0.195914,0.266552
141.667,0.297833,0.297833
141.867,0.297833,0.34082
142.067,0.297833,0.372896
142.267,0.393748,0.393748
142.467,0.393748,0.402804
142.667,0.393748,0.39461
142.867,0.400521,0.400521
143.067,0.400521,0.389183
143.267,0.400521,0.380286
143.467,0.394606,0.367606
143.667,0.394606,0.350258
143.867,0.394606,0.355752
144.067,0.428076,0.362639
144.267,0.428076,0.363454
144.467,0.428076,0.347757
144.667,0.428454,0.33565
144.867,0.428454,0.317299
145.067,0.428454,0.292031
145.267,0.395363,0.258355
145.467,0.395363,0.228787
145.667,0.395363,0.200659
145.867,0.312933,0.171255
146.067,0.312933,0.143844
146.267,0.312933,0.123492
146.467,0.185141,0.103386
146.667,0.185141,0.0865501
146.867,0.185141,0.0666235
147.067,0.110796,0.0631314
147.267,0.110796,0.0593778
147.467,0.110796,0.0495335
147.667,0.0610712,0.0428653
147.867,0.0610712,0.0339224
148.067,0.0610712,0.0400014
148.267,0.0410237,0.0410237
148.467,0.0410237,0.0391664
148.667,0.0410237,0.0419523
148.867,0.0402667,0.0402667
149.067,0.0402667,0.0410549
149.267,0.0402667,0.041886
149.467,0.0415972,0.0415972
149.667,0.0415972,0.0430253
149.867,0.0415972,0.0450738
150.067,0.0448787,0.0448787
150.267,0.0448787,0.052495
150.467,0.0448787,0.0490458
150.667,0.0513674,0.0513674
150.867,0.0513674,0.0523272
151.067,0.0513674,0.0516132
151.267,0.0619491,0.0574542
151.467,0.0619491,0.0762298
151.667,0.0619491,0.107991
151.867,0.1429,0.123387
152.067,0.1429,0.149642
152.267,0.1429,0.159448
152.467,0.226219,0.160708
152.667,0.226219,0.16937
152.867,0.226219,0.167123
153.067,0.25649,0.166931
153.267,0.25649,0.181575
153.467,0.25649,0.187927
153.667,0.27802,0.206812
153.867,0.27802,0.221358
154.067,0.27802,0.208501
154.267,0.270716,0.193628
154.467,0.270716,0.194837
154.667,0.270716,0.194985
154.867,0.226672,0.181001
155.067,0.226672,0.161863
155.267,0.226672,0.155959
155.467,0.196651,0.143193
155.667,0.196651,0.121428
155.867,0.196651,0.112361
156.067,0.147715,0.10103
156.267,0.147715,0.0861911
156.467,0.147715,0.08234
156.667,0.105361,0.0623081
156.867,0.105361,0.0589915
157.067,0.105361,0.0615121
157.267,0.0844314,0.0573567
157.467,0.0844314,0.0461702
157.667,0.0844314,0.0410237
157.867,0.0771428,0.0505909
158.067,0.0771428,0.0500525
158.267,0.0771428,0.0497794
158.467,0.0684651,0.0463458
158.667,0.0684651,0.0466501
158.867,0.0684651,0.0442388
159.067,0.0725699,0.0543094
159.267,0.0725699,0.0806193
159.467,0.0725699,0.10801
159.667,0.154457,0.133149
159.867,0.154457,0.134737
160.067,0.154457,0.135213
160.267,0.20094,0.136372
160.467,0.20094,0.139365
160.667,0.20094,0.147059
160.867,0.197596,0.148636
161.067,0.197596,0.131031
161.267,0.197596,0.110679
161.467,0.15155,0.087584
161.667,0.15155,0.0671073
161.867,0.15155,0.0520385
162.067,0.0844899,0.0360957
162.267,0.0844899,0.0336414
162.467,0.0844899,0.0499666
162.667,0.0924379,0.0709662
162.867,0.0924379,0.0851415
163.067,0.0924379,0.0919463
163.267,0.153123,0.0935967
163.467,0.153123,0.0993402
163.667,0.153123,0.102949
163.867,0.159541,0.106734
164.067,0.159541,0.118861
164.267,0.159541,0.112193
164.467,0.154098,0.0896598
164.667,0.154098,0.0719182
164.867,0.154098,0.0567753
165.067,0.0868349,0.0417611
165.267,0.0868349,0.0397049
165.467,0.0868349,0.0383822
165.667,0.0682388,0.0361971
165.867,0.0682388,0.0374535
166.067,0.0682388,0.0396698
166.267,0.0612312,0.0411798
166.467,0.0612312,0.039264
166.667,0.0612312,0.043911
166.867,0.0771623,0.0499354
167.067,0.0771623,0.0508641
167.267,0.0771623,0.0524209
167.467,0.0815011,0.056947
167.667,0.0815011,0.0819927
167.867,0.0815011,0.112677
168.067,0.153287,0.143068
168.267,0.153287,0.147664
168.467,0.153287,0.150653
168.667,0.219329,0.158086
168.867,0.219329,0.162596
169.067,0.219329,0.170642
169.267,0.239521,0.175863
169.467,0.239521,0.179476
169.667,0.239521,0.189425
169.867,0.26459,0.196628
170.067,0.26459,0.185258
170.267,0.26459,0.165133
170.467,0.215357,0.137679
170.667,0.215357,0.112677
170.867,0.215357,0.0863628
171.067,0.127074,0.0621637
171.267,0.127074,0.0409652
171.467,0.127074,0.0192516
171.667,0.0415348,0.00381207
171.867,0.0415348,0.0015061
172.067,0.0415348,0.00158804
172.267,0.00333605,0.00124468
172.467,0.00333605,0.00146318
172.667,0.00333605,0.00163096
172.867,0.00155292,0
173.067,0.00155292,0.00152171
173.267,0.00155292,0
173.467,0.00184166,0
173.667,0.00184166,0
173.867,0.00184166,0
174.067,0.00124078,0
174.267,0.00124078,0
174.467,0.00124078,0.00456903
174.667,0.00246985,0
174.867,0.00246985,0
175.067,0.00246985,0
175.267,0.0196886,0.0179171
175.467,0.0196886,0.0438291
175.667,0.0196886,0.0655427
175.867,0.0836939,0.0823088
176.067,0.0836939,0.100944
176.267,0.0836939,0.137535
176.467,0.217979,0.188586
176.667,0.217979,0.240832
176.867,0.217979,0.277216
177.067,0.385269,0.309004
177.267,0.385269,0.330094
177.467,0.385269,0.346512
177.667,0.456356,0.344249
177.867,0.456356,0.334561
178.067,0.456356,0.318021
178.267,0.420382,0.311626
178.467,0.420382,0.302332
178.667,0.420382,0.288898
178.867,0.366349,0.272518
179.067,0.366349,0.266783
179.267,0.366349,0.242958
179.467,0.312785,0.217409
179.667,0.312785,0.190736
179.867,0.312785,0.170978
180.067,0.238194,0.153412
180.267,0.238194,0.13267
180.467,0.238194,0.109649
180.667,0.158878,0.0856331
180.867,0.158878,0.0687266
181.067,0.158878,0.0696591
181.267,0.0983765,0.068711
181.467,0.0983765,0.0787854
181.667,0.0983765,0.076378
181.867,0.112735,0.0834481
182.067,0.112735,0.0878181
182.267,0.112735,0.106188
182.467,0.148113,0.120722
182.667,0.148113,0.132748
182.867,0.148113,0.14146
183.067,0.180748,0.142615
183.267,0.180748,0.144422
183.467,0.180748,0.144234
183.667,0.205497,0.149631
183.867,0.205497,0.156935
184.067,0.205497,0.155183
184.267,0.232665,0.160876
184.467,0.232665,0.164953
184.667,0.232665,0.163978
184.867,0.224034,0.167407
185.067,0.224034,0.159974
185.267,0.224034,0.170224
185.467,0.203632,0.187108
185.667,0.203632,0.189476
185.867,0.203632,0.194256
186.067,0.193194,0.193194
186.267,0.193194,0.190483
186.467,0.193194,0.197775
186.667,0.204077,0.204077
186.867,0.204077,0.200522
187.067,0.204077,0.206289
187.267,0.203761,0.203761
187.467,0.203761,0.200561
187.667,0.203761,0.203335
187.867,0.201583,0.201583
188.067,0.201583,0.201236
188.267,0.201583,0.200534
188.467,0.20131,0.20131
188.667,0.20131,0.20179
188.867,0.20131,0.20607
189.067,0.203421,0.203421
189.267,0.203421,0.205735
189.467,0.203421,0.203499
189.667,0.206995,0.206995
189.867,0.206995,0.211084
190.067,0.206995,0.212547
190.267,0.215575,0.215575
190.467,0.215575,0.217538
190.667,0.215575,0.217674
190.867,0.212864,0.212864
191.067,0.212864,0.213172
191.267,0.212864,0.211892
191.467,0.211287,0.211287
191.667,0.211287,0.210589
191.867,0.211287,0.208333
192.067,0.207596,0.207596
192.267,0.207596,0.217909
192.467,0.207596,0.221818
192.667,0.230835,0.230835
192.867,0.230835,0.231748
193.067,0.230835,0.229778
193.267,0.230523,0.230523
193.467,0.230523,0.231358
193.667,0.230523,0.230558
193.867,0.233543,0.233543
194.067,0.233543,0.22835
194.267,0.233543,0.22826
194.467,0.230273,0.230273
194.667,0.230273,0.228108
194.867,0.230273,0.234858
195.067,0.231448,0.231448
195.267,0.231448,0.229536
195.467,0.231448,0.23766
195.667,0.239103,0.239103
195.867,0.239103,0.236754
196.067,0.239103,0.23725
196.267,0.242584,0.242584
196.467,0.242584,0.259291
196.667,0.242584,0.273907
196.867,0.285117,0.285117
197.067,0.285117,0.296358
197.267,0.285117,0.314888
197.467,0.339735,0.339735
197.667,0.339735,0.354913
197.867,0.339735,0.369912
198.067,0.382729,0.382729
198.267,0.382729,0.397505
198.467,0.382729,0.403182
198.667,0.409663,0.409663
198.867,0.409663,0.420296
199.067,0.409663,0.440815
199.267,0.445778,0.445778
199.467,0.445778,0.45897
199.667,0.445778,0.467828
199.867,0.484246,0.484246
200.067,0.484246,0.501688
200.267,0.484246,0.515059
200.467,0.535415,0.535415
200.667,0.535415,0.548154
200.867,0.535415,0.568814
201.067,0.584948,0.584948
201.267,0.584948,0.599073
201.467,0.584948,0.615137
201.667,0.63076,0.63076
201.867,0.63076,0.642816
202.067,0.63076,0.649847
202.267,0.658665,0.658665
202.467,0.658665,0.663359
202.667,0.658665,0.654682
202.867,0.66053,0.66053
203.067,0.66053,0.665962
203.267,0.66053,0.672337
203.467,0.667811,0.667811
203.667,0.667811,0.671932
203.867,0.667811,0.672025
204.067,0.669079,0.669079
204.267,0.669079,0.679286
204.467,0.669079,0.684429
204.667,0.686868,0.686868
204.867,0.686868,0.69407
205.067,0.686868,0.703107
205.267,0.711238,0.711238
205.467,0.711238,0.715144
205.667,0.711238,0.717477
205.867,0.724704,0.724704
206.067,0.724704,0.736569
206.267,0.724704,0.741165
206.467,0.743253,0.743253
206.667,0.743253,0.741013
206.867,0.743253,0.743097
207.067,0.74408,0.74408
207.267,0.74408,0.741899
207.467,0.74408,0.738141
207.667,0.737185,0.737185
207.867,0.737185,0.732519
208.067,0.737185,0.733276
208.267,0.736756,0.736756
208.467,0.736756,0.731387
208.667,0.736756,0.735664
208.867,0.734751,0.734751
209.067,0.734751,0.731204
209.267,0.734751,0.730283
209.467,0.736233,0.736233
209.667,0.736233,0.735777
209.867,0.736233,0.736479
210.067,0.733689,0.733689
210.267,0.733689,0.733116
210.467,0.733689,0.733764
210.667,0.734189,0.734189
210.867,0.734189,0.731785
211.067,0.734189,0.730611
211.267,0.733557,0.733557
211.467,0.733557,0.733705
211.667,0.733557,0.731508
211.867,0.72907,0.72907
212.067,0.72907,0.731305
212.267,0.72907,0.731052
212.467,0.737221,0.737221
212.667,0.737221,0.732523
212.867,0.737221,0.734704
213.067,0.736686,0.736686
213.267,0.736686,0.735102
213.467,0.736686,0.73788
213.667,0.739589,0.739589
213.867,0.739589,0.742215
214.067,0.739589,0.739476
214.267,0.740283,0.740283
214.467,0.740283,0.739979
214.667,0.740283,0.740326
214.867,0.739804,0.739804
215.067,0.739804,0.741571
215.267,0.739804,0.746893
215.467,0.746324,0.746324
215.667,0.746324,0.744681
215.867,0.746324,0.741899
216.067,0.74232,0.74232
216.267,0.74232,0.741992
216.467,0.74232,0.741973
216.667,0.741856,0.741856
216.867,0.741856,0.737435
217.067,0.741856,0.734907
217.267,0.734154,0.734154
217.467,0.734154,0.735336
217.667,0.734154,0.73607
217.867,0.73619,0.73619
218.067,0.73619,0.739402
218.267,0.73619,0.740112
218.467,0.742984,0.742984
218.667,0.742984,0.739343
218.867,0.742984,0.737743
219.067,0.735867,0.735867
219.267,0.735867,0.732375
219.467,0.735867,0.733288
219.667,0.735562,0.735562
219.867,0.735562,0.734583
220.067,0.735562,0.73383
220.267,0.733998,0.733998
220.467,0.733998,0.732944
220.667,0.733998,0.732012
220.867,0.736468,0.736468
221.067,0.736468,0.73639
221.267,0.736468,0.73495
221.467,0.72882,0.72882
221.667,0.72882,0.729604
221.867,0.72882,0.72708
222.067,0.72642,0.72642
222.267,0.72642,0.724173
222.467,0.72642,0.726225
222.667,0.725843,0.725843
222.867,0.725843,0.725726
223.067,0.725843,0.725624
223.267,0.72168,0.72168
223.467,0.72168,0.719951
223.667,0.72168,0.718273
223.867,0.721555,0.721555
224.067,0.721555,0.720349
224.267,0.721555,0.720373
224.467,0.721426,0.721426
224.667,0.721426,0.720115
224.867,0.721426,0.715858
225.067,0.712179,0.712179
225.267,0.712179,0.711613
225.467,0.712179,0.711238
225.667,0.70965,0.70965
225.867,0.70965,0.710228
226.067,0.70965,0.709693
226.267,0.705245,0.705245
226.467,0.705245,0.704176
226.667,0.705245,0.711878
226.867,0.720884,0.720884
227.067,0.720884,0.729405
227.267,0.720884,0.725671
227.467,0.723061,0.723061
227.667,0.723061,0.719264
227.867,0.723061,0.720735
228.067,0.71921,0.71921
228.267,0.71921,0.719939
228.467,0.71921,0.720029
228.667,0.716732,0.716732
228.867,0.716732,0.717434
229.067,0.716732,0.723155
229.267,0.722952,0.722952
229.467,0.722952,0.72287
229.667,0.722952,0.724903
229.867,0.723673,0.723673
230.067,0.723673,0.725464
230.267,0.723673,0.726686
230.467,0.72637,0.72637
230.667,0.72637,0.724973
230.867,0.72637,0.728785
231.067,0.728878,0.728878
231.267,0.728878,0.724231
231.467,0.728878,0.720435
231.667,0.716053,0.716053
231.867,0.716053,0.716225
232.067,0.716053,0.717661
232.267,0.716225,0.716225
232.467,0.716225,0.714684
232.667,0.716225,0.714863
232.867,0.712097,0.712097
233.067,0.712097,0.715729
233.267,0.712097,0.712768
233.467,0.716198,0.716198
233.667,0.716198,0.714083
233.867,0.716198,0.713685
234.067,0.712862,0.712862
234.267,0.712862,0.712776
234.467,0.712862,0.714684
234.667,0.714859,0.714859
234.867,0.714859,0.713736
235.067,0.714859,0.712518
235.267,0.711387,0.711387
235.467,0.711387,0.711816
235.667,0.711387,0.712546
235.867,0.715246,0.715246
236.067,0.715246,0.713158
236.267,0.715246,0.71434
236.467,0.718258,0.718258
236.667,0.718258,0.719143
236.867,0.718258,0.720603
237.067,0.720817,0.720817
237.267,0.720817,0.7204
237.467,0.720817,0.713759
237.667,0.719436,0.719436
237.867,0.719436,0.719491
238.067,0.719436,0.722604
238.267,0.72287,0.72287
238.467,0.72287,0.724696
238.667,0.72287,0.724563
238.867,0.725035,0.725035
239.067,0.725035,0.724169
239.267,0.725035,0.723572
239.467,0.72438,0.72438
239.667,0.72438,0.728719
239.867,0.72438,0.729386
240.067,0.721231,0.721231
240.267,0.721231,0.718492
240.467,0.721231,0.716998
240.667,0.719058,0.719058
240.867,0.719058,0.724032
241.067,0.719058,0.727946
241.267,0.72779,0.72779
241.467,0.72779,0.742059
241.667,0.72779,0.740346
241.867,0.739445,0.739445
242.067,0.739445,0.738809
242.267,0.739445,0.738969
242.467,0.737985,0.737985
242.667,0.737985,0.739132
242.867,0.737985,0.741973
243.067,0.741204,0.741204
243.267,0.741204,0.740034
243.467,0.741204,0.740572
243.667,0.738255,0.738255
243.867,0.738255,0.73795
244.067,0.738255,0.737088
244.267,0.735906,0.735906
244.467,0.735906,0.734302
244.667,0.735906,0.732722
244.867,0.729511,0.729511
245.067,0.729511,0.728808
245.267,0.729511,0.729304
245.467,0.728328,0.728328
245.667,0.728328,0.72873
245.867,0.728328,0.726791
246.067,0.726799,0.726799
246.267,0.726799,0.724891
246.467,0.726799,0.718472
246.667,0.72008,0.72008
246.867,0.72008,0.7199
247.067,0.72008,0.718219
247.267,0.718055,0.718055
247.467,0.718055,0.718398
247.667,0.718055,0.718149
247.867,0.716705,0.716705
248.067,0.716705,0.716014
248.267,0.716705,0.716084
248.467,0.71688,0.71688
248.667,0.71688,0.716217
248.867,0.71688,0.715273
249.067,0.715647,0.715647
249.267,0.715647,0.718254
249.467,0.715647,0.718102
249.667,0.717606,0.717606
249.867,0.717606,0.712155
250.067,0.717606,0.711531
250.267,0.713786,0.713786
250.467,0.713786,0.712503
250.667,0.713786,0.710915
250.867,0.709526,0.709526
251.067,0.709526,0.710294
251.267,0.709526,0.708374
251.467,0.715355,0.715355
251.667,0.715355,0.717965
251.867,0.715355,0.716998
252.067,0.718367,0.718367
252.267,0.718367,0.716662
252.467,0.718367,0.718394
252.667,0.717969,0.717969
252.867,0.717969,0.717715
253.067,0.717969,0.72244
253.267,0.723272,0.723272
253.467,0.723272,0.721488
253.667,0.723272,0.7204
253.867,0.717989,0.717989
254.067,0.717989,0.719085
254.267,0.717989,0.720177
254.467,0.721172,0.721172
254.667,0.721172,0.729725
254.867,0.721172,0.728711
255.067,0.73294,0.73294
255.267,0.73294,0.730724
255.467,0.73294,0.728207
255.667,0.728274,0.728274
255.867,0.728274,0.72685
256.067,0.728274,0.728843
256.267,0.728625,0.728625
256.467,0.728625,0.731961
256.667,0.728625,0.730474
256.867,0.733869,0.733869
257.067,0.733869,0.731789
257.267,0.733869,0.732086
257.467,0.732371,0.732371
257.667,0.732371,0.734829
257.867,0.732371,0.734544
258.067,0.737306,0.737306
258.267,0.737306,0.737228
258.467,0.737306,0.735063
258.667,0.733982,0.733982
258.867,0.733982,0.733038
259.067,0.733982,0.732347
259.267,0.732191,0.732191
259.467,0.732191,0.732628
259.667,0.732191,0.738758
259.867,0.739199,0.739199
260.067,0.739199,0.737619
260.267,0.739199,0.736405
260.467,0.735129,0.735129
260.667,0.735129,0.735476
260.867,0.735129,0.735863
261.067,0.736089,0.736089
261.267,0.736089,0.736253
261.467,0.736089,0.732741
261.667,0.732417,0.732417
261.867,0.732417,0.73333
262.067,0.732417,0.733471
262.267,0.731126,0.731126
262.467,0.731126,0.732862
262.667,0.731126,0.732562
262.867,0.73399,0.73399
263.067,0.73399,0.727396
263.267,0.73399,0.727294
263.467,0.72866,0.72866
263.667,0.72866,0.729062
263.867,0.72866,0.727782
264.067,0.726643,0.726643
264.267,0.726643,0.728043
264.467,0.726643,0.72896
264.667,0.737548,0.737548
264.867,0.737548,0.736054
265.067,0.737548,0.735851
265.267,0.736058,0.736058
265.467,0.736058,0.733916
265.667,0.736058,0.731071
265.867,0.730264,0.730264
266.067,0.730264,0.733167
266.267,0.730264,0.733631
266.467,0.730677,0.730677
266.667,0.730677,0.729799
266.867,0.730677,0.729491
267.067,0.728281,0.728281
267.267,0.728281,0.729304
267.467,0.728281,0.72795
267.667,0.726596,0.726596
267.867,0.726596,0.727923
268.067,0.726596,0.738461
268.267,0.738571,0.738571
268.467,0.738571,0.737825
268.667,0.738571,0.737825
268.867,0.740182,0.740182
269.067,0.740182,0.739729
269.267,0.740182,0.739507
269.467,0.737443,0.737443
269.667,0.737443,0.736202
269.867,0.737443,0.735738
270.067,0.733982,0.733982
270.267,0.733982,0.732195
270.467,0.733982,0.734029
270.667,0.732702,0.732702
270.867,0.732702,0.732179
271.067,0.732702,0.732012
271.267,0.732148,0.732148
271.467,0.732148,0.734985
271.667,0.732148,0.73527
271.867,0.735258,0.735258
272.067,0.735258,0.735761
272.267,0.735258,0.734115
272.467,0.734247,0.734247
272.667,0.734247,0.73255
272.867,0.734247,0.73374
273.067,0.739608,0.739608
273.267,0.739608,0.744275
273.467,0.739608,0.74502
273.667,0.742984,0.742984
273.867,0.742984,0.739394
274.067,0.742984,0.737646
274.267,0.735874,0.735874
274.467,0.735874,0.734497
274.667,0.735874,0.739253
274.867,0.736698,0.736698
275.067,0.736698,0.73566
275.267,0.736698,0.736187
275.467,0.736737,0.736737
275.667,0.736737,0.73774
275.867,0.736737,0.737829
276.067,0.737681,0.737681
276.267,0.737681,0.738969
276.467,0.737681,0.74145
276.667,0.743834,0.743834
276.867,0.743834,0.748747
277.067,0.743834,0.750818
277.267,0.757198,0.757198
277.467,0.757198,0.759313
277.667,0.757198,0.762188
277.867,0.769531,0.769531
278.067,0.769531,0.779146
278.267,0.769531,0.7835
278.467,0.792162,0.792162
278.667,0.792162,0.795268
278.867,0.792162,0.806021
279.067,0.822027,0.822027
279.267,0.822027,0.836167
279.467,0.822027,0.851899
279.667,0.859277,0.859277
279.867,0.859277,0.871654
280.067,0.859277,0.877549
280.267,0.876258,0.876258
280.467,0.876258,0.872481
280.667,0.876258,0.878291
280.867,0.882516,0.882516
281.067,0.882516,0.889536
281.267,0.882516,0.901128
281.467,0.909189,0.909189
281.667,0.909189,0.914262
281.867,0.909189,0.914484
282.067,0.917071,0.917071
282.267,0.917071,0.908971
282.467,0.917071,0.906446
282.667,0.87904,0.87904
282.867,0.87904,0.834657
283.067,0.87904,0.831984
283.267,0.806056,0.796368
283.467,0.806056,0.801628
283.667,0.806056,0.770374
283.867,0.800832,0.756546
284.067,0.800832,0.729784
284.267,0.800832,0.727154
284.467,0.80386,0.724938
284.667,0.80386,0.738177
284.867,0.80386,0.749375
285.067,0.808074,0.758493
285.267,0.808074,0.755142
285.467,0.808074,0.75861
285.667,0.817497,0.766192
285.867,0.817497,0.770601
286.067,0.817497,0.770761
286.267,0.821597,0.755504
286.467,0.821597,0.749437
286.667,0.821597,0.753866
286.867,0.81599,0.759129
287.067,0.81599,0.768739
287.267,0.81599,0.773344
287.467,0.796887,0.777507
287.667,0.796887,0.774643
287.867,0.796887,0.77183
288.067,0.810602,0.75479
288.267,0.810602,0.756031
288.467,0.810602,0.75909
288.667,0.798491,0.766952
288.867,0.798491,0.765657
289.067,0.798491,0.753132
289.267,0.798705,0.741809
289.467,0.798705,0.740003
289.667,0.798705,0.72182
289.867,0.785814,0.712097
290.067,0.785814,0.704309
290.267,0.785814,0.703864
290.467,0.806115,0.696548
290.667,0.806115,0.69521
290.867,0.806115,0.685791
291.067,0.782895,0.685642
291.267,0.782895,0.681233
291.467,0.782895,0.688549
291.667,0.793844,0.688116
291.867,0.793844,0.680067
292.067,0.793844,0.682673
292.267,0.818979,0.673266
292.467,0.818979,0.665447
292.667,0.818979,0.665751
292.867,0.808858,0.67366
293.067,0.808858,0.661678
293.267,0.808858,0.650124
293.467,0.790242,0.634412
293.667,0.790242,0.619624
293.867,0.790242,0.5918
294.067,0.740248,0.580153
294.267,0.740248,0.590068
294.467,0.740248,0.593958
294.667,0.738559,0.599444
294.867,0.738559,0.606151
295.067,0.738559,0.608394
295.267,0.771455,0.631743
295.467,0.771455,0.640596
295.667,0.771455,0.644802
295.867,0.798194,0.650444
296.067,0.798194,0.645703
296.267,0.798194,0.639308
296.467,0.763979,0.631052
296.667,0.763979,0.630303
296.867,0.763979,0.615644
297.067,0.742367,0.598968
297.267,0.742367,0.597582
297.467,0.742367,0.585635
297.667,0.728754,0.579369
297.867,0.728754,0.574886
298.067,0.728754,0.577687
298.267,0.736089,0.575108
298.467,0.736089,0.575276
298.667,0.736089,0.571643
298.867,0.729468,0.56073
299.067,0.729468,0.540573
299.267,0.729468,0.553683
299.467,0.691932,0.539484
299.667,0.691932,0.541392
299.867,0.691932,0.533421
300.067,0.691831,0.540534
300.267,0.691831,0.565158
300.467,0.691831,0.592139
300.667,0.722046,0.63504
300.867,0.722046,0.664202
301.067,0.722046,0.692385
301.267,0.725215,0.703743
301.467,0.725215,0.710072
301.667,0.725215,0.711531
301.867,0.731368,0.724707
302.067,0.731368,0.749016
302.267,0.731368,0.754252
302.467,0.750198,0.750198
302.667,0.750198,0.743932
302.867,0.750198,0.73834
303.067,0.713357,0.713357
303.267,0.713357,0.69368
303.467,0.713357,0.666368
303.667,0.751626,0.653698
303.867,0.751626,0.620755
304.067,0.751626,0.625984
304.267,0.801819,0.634552
304.467,0.801819,0.637178
304.667,0.801819,0.629932
304.867,0.784159,0.637182
305.067,0.784159,0.636491
305.267,0.784159,0.632578
305.467,0.750155,0.619815
305.667,0.750155,0.606003
305.867,0.750155,0.592132
306.067,0.735566,0.585674
306.267,0.735566,0.576341
306.467,0.735566,0.575865
306.667,0.71612,0.559645
306.867,0.71612,0.561779
307.067,0.71612,0.555412
307.267,0.68567,0.541907
307.467,0.68567,0.529527
307.667,0.68567,0.518438
307.867,0.630166,0.509269
308.067,0.630166,0.49692
308.267,0.630166,0.489701
308.467,0.597263,0.466072
308.667,0.597263,0.449025
308.867,0.597263,0.447175
309.067,0.580173,0.462903
309.267,0.580173,0.468366
309.467,0.580173,0.480243
309.667,0.606045,0.478764
309.867,0.606045,0.484609
310.067,0.606045,0.485862
310.267,0.643011,0.500696
310.467,0.643011,0.494731
310.667,0.643011,0.501059
310.867,0.664577,0.503767
311.067,0.664577,0.49532
311.267,0.664577,0.489249
311.467,0.632617,0.469942
311.667,0.632617,0.464538
311.867,0.632617,0.442719
312.067,0.586915,0.432895
312.267,0.586915,0.408754
312.467,0.586915,0.416655
312.667,0.536835,0.412672
312.867,0.536835,0.419636
313.067,0.536835,0.423971
313.267,0.541143,0.435708
313.467,0.541143,0.446434
313.667,0.541143,0.446937
313.867,0.572076,0.452888
314.067,0.572076,0.452973
314.267,0.572076,0.465424
314.467,0.613338,0.48697
314.667,0.613338,0.496545
314.867,0.613338,0.514345
315.067,0.664163,0.541186
315.267,0.664163,0.551252
315.467,0.664163,0.55167
315.667,0.712148,0.541747
315.867,0.712148,0.53323
316.067,0.712148,0.524556
316.267,0.6463,0.503529
316.467,0.6463,0.508574
316.667,0.6463,0.506315
316.867,0.598199,0.485694
317.067,0.598199,0.461167
317.267,0.598199,0.434065
317.467,0.529355,0.411813
317.667,0.529355,0.374379
317.867,0.529355,0.347445
318.067,0.414591,0.3095
318.267,0.414591,0.269178
318.467,0.414591,0.23565
318.667,0.293299,0.196289
318.867,0.293299,0.165874
319.067,0.293299,0.140902
319.267,0.183393,0.107745
319.467,0.183393,0.0819186
319.667,0.183393,0.0582658
319.867,0.0938816,0.0381129
320.067,0.0938816,0.0314135
320.267,0.0938816,0.0311755
320.467,0.0317218,0.0317218
320.667,0.0317218,0.0323031
320.867,0.0317218,0.0317296
321.067,0.0323968,0.0323968
321.267,0.0323968,0.0331693
321.467,0.0323968,0.0314876
321.667,0.0348939,0.0348939
321.867,0.0348939,0.0353621
322.067,0.0348939,0.0336727
322.267,0.0369073,0.0356899
322.467,0.0369073,0.0345974
322.667,0.0369073,0.0336688
322.867,0.0318505,0.0318505
323.067,0.0318505,0.0312145
323.267,0.0318505,0.0287017
323.467,0.029923,0.029923
323.667,0.029923,0.0266845
323.867,0.029923,0.0264153
324.067,0.0251277,0.0214756
324.267,0.0251277,0.0201061
324.467,0.0251277,0.0192008
324.667,0.025077,0.0154824
324.867,0.025077,0.018358
325.067,0.025077,0.0185141
325.267,0.0226539,0.0178976
325.467,0.0226539,0.0206874
325.667,0.0226539,0.0151625
325.867,0.0257442,0.0134379
326.067,0.0257442,0.0160794
326.267,0.0257442,0.0133403
326.467,0.0230129,0.0208045
326.667,0.0230129,0.0110694
326.867,0.0230129,0.0165515
327.067,0.0292753,0.0209215
327.267,0.0292753,0.0229154
327.467,0.0292753,0.0309336
327.667,0.0353348,0.0300986
327.867,0.0353348,0.0293807
328.067,0.0353348,0.0496662
328.267,0.0730225,0.063861
328.467,0.0730225,0.0769243
328.667,0.0730225,0.100702
328.867,0.162764,0.127106
329.067,0.162764,0.153033
329.267,0.162764,0.174255
329.467,0.249279,0.180794
329.667,0.249279,0.190135
329.867,0.249279,0.198891
330.067,0.273037,0.194556
330.267,0.273037,0.193042
330.467,0.273037,0.19138
330.667,0.255858,0.178672
330.867,0.255858,0.164801
331.067,0.255858,0.143743
331.267,0.194029,0.121733
331.467,0.194029,0.118194
331.667,0.194029,0.124343
331.867,0.194623,0.151804
332.067,0.194623,0.166592
332.267,0.194623,0.175426
332.467,0.25297,0.174396
332.667,0.25297,0.178648
332.867,0.25297,0.188688
333.067,0.260571,0.194256
333.267,0.260571,0.205388
333.467,0.260571,0.200557
333.667,0.259545,0.193265
333.867,0.259545,0.183475
334.067,0.259545,0.172409
334.267,0.216137,0.148074
334.467,0.216137,0.119996
334.667,0.216137,0.0940103
334.867,0.139111,0.075149
335.067,0.139111,0.0632016
335.267,0.139111,0.0551248
335.467,0.0752894,0.0444729
335.667,0.0752894,0.044668
335.867,0.0752894,0.0464199
336.067,0.0567636,0.0494126
336.267,0.0567636,0.0524053
336.467,0.0567636,0.0576649
336.667,0.0921609,0.0781846
336.867,0.0921609,0.104998
337.067,0.0921609,0.131597
337.267,0.176253,0.158886
337.467,0.176253,0.187127
337.667,0.176253,0.221908
337.867,0.247032,0.247032
338.067,0.247032,0.273911
338.267,0.247032,0.299433
338.467,0.323663,0.323663
338.667,0.323663,0.308481
338.867,0.323663,0.292461
339.067,0.332653,0.25654
339.267,0.332653,0.248311
339.467,0.332653,0.25935
339.667,0.368866,0.25061
339.867,0.368866,0.234206
340.067,0.368866,0.231346
340.267,0.313086,0.209886
340.467,0.313086,0.183682
340.667,0.313086,0.151882
340.867,0.250169,0.132549
341.067,0.250169,0.117445
341.267,0.250169,0.0903465
341.467,0.160181,0.0651408
341.667,0.160181,0.0429161
341.867,0.160181,0.0250145
342.067,0.0603923,0.0225603
342.267,0.0603923,0.0237425
342.467,0.0603923,0.0236021
342.667,0.0225993,0.0225993
342.867,0.0225993,0.0225798
343.067,0.0225993,0.0230909
343.267,0.023087,0.023087
343.467,0.023087,0.023087
343.667,0.023087,0.0230636
343.867,0.0229817,0.0229817
344.067,0.0229817,0.0223379
344.267,0.0229817,0.0225603
344.467,0.0224549,0.0224549
344.667,0.0224549,0.022451
344.867,0.0224549,0.0224666
345.067,0.0224627,0.0224627
345.267,0.0224627,0.0230402
345.467,0.0224627,0.0232548
345.667,0.0230402,0.0230402
345.867,0.0230402,0.0230792
346.067,0.0230402,0.0230831
346.267,0.0230792,0.0230792
346.467,0.0230792,0.0232977
346.667,0.0230792,0.0232938
346.867,0.0233758,0.0233758
347.067,0.0233758,0.0232626
347.267,0.0233758,0.023286
347.467,0.023286,0.023286
347.667,0.023286,0.0233016
347.867,0.023286,0.0232821
348.067,0.0228998,0.0228998
348.267,0.0228998,0.0226969
348.467,0.0228998,0.0226969
348.667,0.0226539,0.0226539
348.867,0.0226539,0.0221311
349.067,0.0226539,0.0221311
349.267,0.022135,0.022135
349.467,0.022135,0.022135
349.667,0.022135,0.0222364
349.867,0.0222325,0.0222325
350.067,0.0222325,0.0222286
350.267,0.0222325,0.0222208
350.467,0.0222247,0.0222247
350.667,0.0222247,0.0261187
350.867,0.0222247,0.0486439
351.067,0.0690582,0.0690582
351.267,0.0690582,0.0837407
351.467,0.0690582,0.0895076
351.667,0.114694,0.0929412
351.867,0.114694,0.0958871
352.067,0.114694,0.0984389
352.267,0.134499,0.102871
352.467,0.134499,0.106332
352.667,0.134499,0.108623
352.867,0.14878,0.125326
353.067,0.14878,0.155924
353.267,0.14878,0.182862
353.467,0.234066,0.204213
353.667,0.234066,0.219567
353.867,0.234066,0.225236
354.067,0.283545,0.231819
354.267,0.283545,0.240968
354.467,0.283545,0.243426
354.667,0.259865,0.242681
354.867,0.259865,0.24599
355.067,0.259865,0.242084
355.267,0.241905,0.241905
355.467,0.241905,0.236871
355.667,0.241905,0.243021
355.867,0.24869,0.24869
356.067,0.24869,0.263119
356.267,0.24869,0.265597
356.467,0.266517,0.266517
356.667,0.266517,0.268535
356.867,0.266517,0.270747
357.067,0.279717,0.279717
357.267,0.279717,0.297857
357.467,0.279717,0.319157
357.667,0.335256,0.335256
357.867,0.335256,0.341276
358.067,0.335256,0.349649
358.267,0.353949,0.353949
358.467,0.353949,0.359369
358.667,0.353949,0.36441
358.867,0.366575,0.366575
359.067,0.366575,0.370423
359.267,0.366575,0.373466
359.467,0.38585,0.38585
359.667,0.38585,0.396206
359.867,0.38585,0.414779
360.067,0.418735,0.418735
360.267,0.418735,0.419508
360.467,0.418735,0.414583
360.667,0.417408,0.417408
360.867,0.417408,0.418243
361.067,0.417408,0.415711
361.267,0.416195,0.416195
361.467,0.416195,0.430515
361.667,0.416195,0.447706
361.867,0.456372,0.456372
362.067,0.456372,0.46398
362.267,0.456372,0.477633
362.467,0.482108,0.482108
362.667,0.482108,0.491832
362.867,0.482108,0.506506
363.067,0.517642,0.517642
363.267,0.517642,0.533054
363.467,0.517642,0.544849
363.667,0.540503,0.540503
363.867,0.540503,0.530733
364.067,0.540503,0.529449
364.267,0.531533,0.531533
364.467,0.531533,0.524896
364.667,0.531533,0.5252
364.867,0.524548,0.524548
365.067,0.524548,0.519745
365.267,0.524548,0.508005
365.467,0.507259,0.507259
365.667,0.507259,0.525418
365.867,0.507259,0.542489
366.067,0.553948,0.553948
366.267,0.553948,0.563676
366.467,0.553948,0.580586
366.667,0.587005,0.587005
366.867,0.587005,0.598144
367.067,0.587005,0.603158
367.267,0.619148,0.619148
367.467,0.619148,0.624634
367.667,0.619148,0.631185
367.867,0.631489,0.631489
368.067,0.631489,0.635106
368.267,0.631489,0.63232
368.467,0.638009,0.638009
368.667,0.638009,0.649282
368.867,0.638009,0.65991
369.067,0.668888,0.668888
369.267,0.668888,0.678116
369.467,0.668888,0.688608
369.667,0.701281,0.701281
369.867,0.701281,0.710907
370.067,0.701281,0.722347
370.267,0.729378,0.729378
370.467,0.729378,0.734263
370.667,0.729378,0.734306
370.867,0.733483,0.733483
371.067,0.733483,0.733639
371.267,0.733483,0.733502
371.467,0.741146,0.741146
371.667,0.741146,0.745922
371.867,0.741146,0.750264
372.067,0.754166,0.754166
372.267,0.754166,0.753124
372.467,0.754166,0.758591
372.667,0.759867,0.759867
372.867,0.759867,0.761119
373.067,0.759867,0.771986
373.267,0.769305,0.769305
373.467,0.769305,0.76735
373.667,0.769305,0.764451
373.867,0.762625,0.762625
374.067,0.762625,0.761833
374.267,0.762625,0.763172
374.467,0.762988,0.762988
374.667,0.762988,0.759254
374.867,0.762988,0.759921
375.067,0.759906,0.759906
375.267,0.759906,0.76085
375.467,0.759906,0.756936
375.667,0.758704,0.758704
375.867,0.758704,0.756324
376.067,0.758704,0.758091
376.267,0.749792,0.749792
376.467,0.749792,0.764131
376.667,0.749792,0.765251
376.867,0.753054,0.753054
377.067,0.753054,0.74399
377.267,0.753054,0.744037
377.467,0.741091,0.741091
377.667,0.741091,0.741817
377.867,0.741091,0.742484
378.067,0.751158,0.751158
378.267,0.751158,0.753796
378.467,0.751158,0.754763
378.667,0.751076,0.751076
378.867,0.751076,0.74438
379.067,0.751076,0.749827
379.267,0.749051,0.749051
379.467,0.749051,0.745414
379.667,0.749051,0.751154
379.867,0.74861,0.74861
380.067,0.74861,0.745871
380.267,0.74861,0.748306
380.467,0.747744,0.747744
380.667,0.747744,0.747186
380.867,0.747744,0.766024
381.067,0.781608,0.781608
381.267,0.781608,0.788085
381.467,0.781608,0.848961
381.667,0.846994,0.846994
381.867,0.846994,0.852816
382.067,0.846994,0.85529
382.267,0.85479,0.85479
382.467,0.85479,0.850771
